,0.178,0.706,1.068,2.068,3.198,3.943,5.883,7.107,8.011,9.840,10.866,11.903,12.922,13.707,14.550,15.488,16.196,16.900,17.608,18.313,19.012,19.689,20.412,21.055,21.808,22.510,23.209,23.911,24.677,25.310,26.007,26.705,27.468,27.779,28.420,29.000,29.600,30.100,30.551,31.540,32.120,32.743,33.650,34.898,36.073,37.225,42.359,45.230,49.070,51.095,54
0,86.71,79.25,82.57,83.0,84.12,83.62,82.53,85.17,83.71,84.86,76.89,91.5,97.0,86.5,93.64,88.91,82.83,,74.43,82.2,80.5,79.3,82.55,74.85,80.62,86.0,84.0,87.0,90.0,92.0,88.0,76.0,87.14,83.62,83.29,85.0,59.0,109.0,107.0,140.5,119.33,98.0,80.43,80.0,85.0,90.0,97.75,92.0,105.0,97.0,74.0
1,84.78,77.75,83.44,91.6,92.38,84.08,87.88,92.38,,,,,,,,90.8,78.25,76.0,86.33,91.33,76.3,77.12,94.4,86.2,90.82,91.43,91.7,86.92,93.2,80.8,84.35,80.88,94.0,96.62,83.88,83.83,62.75,87.17,98.97,91.38,94.43,95.0,83.22,84.54,87.5,27.14,92.6,87.33,71.5,73.0,56.0
2,92.94,81.67,89.09,92.62,95.06,85.14,87.06,90.15,,,,,,,,78.62,80.63,68.75,75.38,88.0,89.92,87.73,91.0,87.86,96.79,89.28,83.55,92.59,88.0,88.0,81.33,74.3,94.56,91.73,79.72,83.7,61.43,98.56,98.76,89.83,91.73,81.0,77.25,79.29,90.12,58.01,94.43,91.0,95.93,91.33,85.4
3,81.34,77.33,85.56,93.65,85.0,80.6,84.11,86.27,,,,,,,,95.45,77.79,79.82,85.7,86.36,93.16,84.33,89.44,82.12,88.24,84.61,78.52,89.91,94.0,90.25,84.14,80.33,88.94,93.6,84.94,89.25,71.25,101.53,107.18,109.44,94.33,94.0,87.86,86.87,100.12,129.45,93.12,99.78,93.25,89.91,84.43
4,91.29,88.72,89.4,93.63,89.83,91.16,86.9,96.38,93.0,84.67,70.33,80.25,90.0,73.25,90.0,87.39,68.92,74.77,86.8,90.0,85.28,87.77,91.78,89.76,95.75,88.26,89.0,84.56,88.25,88.87,81.82,75.06,86.9,84.42,79.57,80.1,57.4,90.15,89.75,94.0,85.14,81.07,78.12,82.73,90.86,111.23,91.71,90.94,99.71,100.87,94.43
5,94.0,84.61,86.44,88.69,81.83,84.84,82.5,89.71,88.91,90.77,80.33,93.04,98.93,96.29,106.86,93.47,82.8,77.22,75.42,87.0,90.36,78.91,82.64,83.53,87.83,79.59,90.38,82.57,87.92,84.11,82.33,69.6,88.58,88.43,88.86,91.26,59.88,90.15,93.0,90.64,93.0,85.73,84.3,80.94,88.0,87.35,99.53,94.68,92.46,100.73,97.44
6,88.38,82.0,90.04,94.59,91.19,86.84,95.06,94.6,95.12,92.71,89.86,89.28,90.81,87.5,94.09,87.74,77.57,72.89,89.5,77.43,84.47,86.14,83.79,75.0,88.91,73.24,89.88,91.53,90.2,87.33,82.09,76.19,87.05,82.88,82.5,88.75,67.69,92.44,85.33,95.59,89.44,84.33,82.53,87.15,94.47,101.25,100.38,111.81,94.75,94.75,75.5
7,96.09,83.63,93.45,93.04,88.75,88.86,84.96,92.82,99.27,87.78,76.64,87.85,85.0,86.15,89.3,88.43,63.52,72.87,86.22,79.82,85.32,85.11,88.42,85.0,90.25,86.5,89.4,85.65,88.54,87.42,75.38,72.95,85.39,86.93,87.81,87.67,76.86,92.53,95.33,94.74,98.3,88.67,82.26,80.55,98.0,88.43,85.8,97.4,100.43,93.5,85.0
8,81.78,59.17,86.62,87.88,91.15,95.38,81.69,88.84,97.28,83.23,76.41,79.4,91.08,90.92,97.5,88.05,78.93,84.12,82.85,86.62,90.67,81.65,82.04,73.71,81.0,84.18,75.17,77.48,86.83,87.67,83.38,77.17,92.75,93.27,79.32,84.36,55.82,93.18,90.83,93.59,93.84,86.7,95.26,87.89,91.62,105.34,84.79,97.43,96.54,80.33,88.0
9,85.06,82.94,93.31,88.14,83.45,87.06,82.45,87.38,95.95,85.15,74.91,94.21,92.83,85.0,91.79,82.12,67.37,73.38,76.21,87.0,84.95,72.88,78.33,84.41,90.06,97.0,86.13,85.4,92.05,89.0,90.0,73.39,87.62,93.0,85.95,85.38,59.6,92.73,89.92,91.32,87.48,86.38,81.71,85.72,88.05,104.31,95.0,108.55,106.54,97.61,99.25
10,85.18,79.24,84.84,88.08,92.04,97.82,85.45,85.72,89.1,82.0,80.87,90.64,93.2,95.35,94.83,84.32,78.23,84.2,83.48,80.75,84.22,76.0,92.1,78.79,85.81,85.17,83.69,84.09,91.95,88.24,85.19,78.79,92.74,94.08,92.17,87.79,57.8,86.77,110.0,88.12,85.4,85.4,88.16,88.38,101.94,95.49,97.17,101.45,97.12,90.39,79.45
11,91.17,87.81,94.2,91.88,85.35,82.81,82.08,82.62,83.41,84.79,78.04,84.85,92.73,98.73,93.0,91.18,72.33,77.76,83.76,82.61,87.05,84.9,87.91,84.14,93.09,87.61,89.22,90.9,89.57,89.2,77.4,73.78,89.7,89.36,78.3,86.77,77.63,94.46,92.67,92.43,95.5,94.09,88.23,74.35,88.2,96.47,98.5,92.81,96.3,93.67,84.67
12,84.88,81.0,83.32,91.73,87.9,84.08,83.57,89.63,93.5,85.14,81.92,88.6,92.71,87.95,95.59,88.24,77.73,74.23,84.5,85.71,83.11,81.21,89.71,86.81,87.43,88.27,84.16,84.71,88.5,86.91,85.27,75.82,83.48,85.61,83.94,84.72,56.5,86.0,83.73,83.11,88.65,85.75,81.88,85.0,,93.82,100.45,92.14,97.73,93.96,89.0
13,89.64,78.41,84.82,92.44,85.36,82.81,89.89,85.78,90.12,85.46,78.0,83.87,92.76,93.36,89.14,79.33,76.27,73.9,79.6,85.12,82.38,80.6,86.24,83.83,93.45,86.27,93.0,92.64,91.22,83.64,80.71,78.47,84.2,81.79,79.19,82.31,60.67,82.17,84.74,85.73,88.65,81.11,85.67,87.82,,88.27,93.86,96.08,105.86,93.05,92.5
14,91.84,90.71,92.69,86.0,86.0,88.38,84.87,85.05,93.55,87.26,76.9,89.61,90.21,89.25,90.53,70.29,78.09,82.53,83.53,86.36,81.91,80.22,91.17,86.88,85.3,87.67,82.42,86.33,90.0,81.89,78.65,83.6,91.0,92.64,85.48,82.45,81.84,84.58,81.34,91.54,83.83,82.83,83.27,90.71,,90.0,99.0,92.3,111.5,85.86,75.0
15,92.94,84.0,88.43,88.41,87.21,89.7,81.74,81.85,93.59,83.84,78.5,86.41,89.85,97.38,89.36,77.52,69.67,70.82,79.09,82.3,80.99,81.0,83.85,81.42,91.75,84.5,85.05,91.55,92.57,89.6,77.35,80.36,92.38,94.95,76.3,81.7,62.12,85.99,88.05,109.11,99.07,94.25,88.7,94.34,119.5,91.71,,97.86,96.29,78.83,75.0
16,87.27,79.15,89.3,93.46,83.96,81.5,81.68,84.75,91.67,87.9,78.26,95.77,92.84,89.55,95.35,86.38,76.47,82.5,88.0,85.35,85.79,85.11,87.0,76.89,92.14,89.96,89.06,91.01,94.33,90.56,86.25,78.8,96.26,94.22,98.54,94.7,67.12,86.01,87.75,89.71,85.25,82.04,78.75,81.79,92.57,89.14,,97.28,95.46,92.7,90.0
17,90.22,81.77,84.75,97.22,89.95,89.0,84.29,91.47,99.27,94.0,81.36,93.0,92.09,87.4,93.53,84.89,73.76,89.4,91.87,82.68,91.34,91.44,100.29,84.5,90.33,94.23,87.37,84.28,93.33,89.63,83.62,78.4,92.59,86.29,93.36,90.32,67.55,94.38,92.33,89.94,88.25,84.08,83.42,82.35,102.33,91.39,,99.85,89.75,100.66,86.0
18,83.25,77.92,83.17,83.61,86.0,90.56,84.33,91.04,92.97,98.0,77.08,86.21,98.0,94.8,100.31,88.82,79.29,81.53,85.13,87.1,85.89,85.45,91.53,85.21,93.58,88.87,90.52,93.13,93.08,89.74,86.93,80.54,95.46,98.62,85.92,87.62,70.2,90.42,95.67,96.67,97.56,91.82,73.38,82.75,81.09,92.53,84.12,86.21,94.24,88.02,76.69
19,92.67,86.93,95.42,85.4,83.33,89.0,80.54,96.18,95.15,95.0,83.17,96.58,98.37,99.0,90.83,93.58,77.18,86.08,79.0,90.92,91.2,85.27,88.81,85.06,97.2,92.14,95.11,92.29,92.44,89.21,87.33,85.57,92.64,92.17,82.33,85.64,65.62,93.27,92.33,91.39,90.57,79.14,93.84,86.11,75.75,93.1,90.15,87.58,96.6,88.67,87.0
20,80.67,81.79,96.9,95.71,97.72,92.2,86.47,98.22,90.67,91.88,93.02,96.78,96.89,88.5,97.0,86.0,78.0,80.0,84.96,86.75,90.67,88.0,91.58,89.33,94.44,89.46,90.78,93.55,94.43,90.61,90.5,74.57,88.62,96.34,89.0,83.58,62.46,87.92,90.18,96.34,81.78,82.11,88.58,76.36,84.88,100.21,90.87,101.95,89.36,108.54,87.2
21,88.4,82.72,90.85,94.25,91.95,81.71,80.86,87.33,95.11,91.0,79.29,89.25,91.18,99.11,89.13,85.0,82.0,87.27,86.49,93.5,93.14,92.95,87.85,90.0,101.11,86.14,85.42,88.79,90.25,82.62,86.6,78.46,91.13,89.78,,86.25,76.93,87.91,90.0,91.64,89.12,84.04,82.88,80.94,89.81,84.42,89.92,91.56,92.56,83.51,88.5
22,95.41,86.62,90.87,88.9,86.5,82.19,84.0,92.44,90.11,90.67,87.43,92.5,95.33,99.31,91.96,82.77,75.5,85.99,86.6,85.04,84.8,88.69,89.3,80.31,90.83,84.87,95.03,93.17,96.53,94.77,84.2,77.29,95.38,96.75,,90.11,77.6,88.47,91.66,102.91,97.08,92.55,85.22,83.47,94.62,89.99,96.51,90.21,93.0,91.84,72.0
23,86.77,83.68,92.57,89.02,85.0,84.78,87.11,90.73,87.86,94.57,80.29,91.83,95.0,93.71,101.36,88.21,68.72,84.29,85.4,86.77,94.46,86.58,89.5,92.5,96.41,92.56,95.74,92.86,95.87,85.68,90.06,88.48,88.8,92.68,,82.67,61.62,84.36,87.86,92.77,91.61,84.31,84.33,89.11,87.08,94.51,94.84,92.95,119.51,84.35,91.0
24,88.5,81.15,94.38,101.12,90.54,87.76,85.59,83.25,86.67,94.0,74.86,88.09,97.0,95.65,98.36,92.67,81.71,79.58,83.71,94.17,97.08,89.21,89.29,81.1,93.61,85.67,83.56,83.44,86.36,86.14,86.49,74.05,89.9,91.83,90.0,82.18,66.69,86.5,89.75,93.14,83.55,81.82,78.33,87.47,89.02,89.67,87.14,85.29,83.89,80.91,89.29
25,86.67,79.14,97.64,95.81,94.54,79.67,82.83,78.75,89.26,90.3,68.4,83.62,91.76,92.9,97.58,87.18,69.62,80.0,86.87,77.42,86.12,89.43,84.64,82.84,91.28,90.38,90.42,95.29,92.45,90.75,88.0,77.63,89.58,91.0,95.4,87.82,77.14,86.67,89.5,104.06,93.68,94.94,89.6,90.32,98.9,94.43,90.29,84.94,83.38,100.25,97.0
26,93.25,84.7,82.86,88.59,89.57,82.95,84.86,95.85,93.03,85.13,75.0,83.83,93.43,92.8,91.28,89.57,83.55,89.67,88.24,88.48,90.83,87.56,94.13,88.0,97.03,90.11,94.12,92.0,90.95,89.48,87.92,76.43,93.42,98.74,90.55,98.33,63.29,95.0,89.0,87.67,89.7,82.62,84.0,84.65,92.74,101.81,96.84,89.83,106.82,95.97,91.33
27,90.5,82.67,91.2,90.62,84.89,86.73,84.25,92.18,88.22,89.02,82.2,100.38,103.33,85.27,94.38,94.32,83.36,79.11,81.67,94.35,90.8,82.0,90.13,88.95,92.17,87.2,84.41,90.33,81.22,84.43,87.92,79.53,88.08,92.62,86.67,89.47,69.2,100.95,,92.2,89.16,90.07,83.57,96.14,88.48,91.44,97.41,90.92,85.11,68.38,58.65
28,86.0,82.33,94.33,90.44,86.52,89.57,90.7,91.33,100.51,86.47,78.64,97.31,93.0,94.13,100.67,85.83,78.0,84.73,78.23,86.56,90.0,86.86,88.84,84.56,92.0,87.0,88.26,90.8,93.28,95.53,91.67,82.71,93.56,94.33,98.0,92.71,73.57,105.03,inf,89.62,95.73,91.46,87.26,89.27,104.7,126.08,95.83,99.87,101.33,80.78,79.8
29,91.29,85.0,97.45,103.8,92.72,81.88,85.93,97.83,101.13,91.09,75.64,97.44,100.06,92.42,93.0,80.24,82.18,77.29,82.7,90.18,90.8,77.14,91.2,93.4,98.71,95.75,93.46,94.89,102.36,100.7,93.15,85.14,99.88,103.31,99.29,97.36,81.35,104.38,101.65,94.57,106.37,101.75,95.83,90.42,93.67,92.06,88.67,100.95,88.25,75.77,77.0
30,86.87,85.33,95.37,106.26,92.52,84.86,85.62,82.41,91.21,86.64,81.99,91.11,89.78,88.38,91.97,95.38,87.47,91.78,92.73,94.8,97.5,95.11,100.83,90.4,97.25,101.4,92.25,90.59,97.0,92.38,87.47,75.88,93.27,97.67,86.71,91.83,73.19,96.8,101.78,85.47,95.85,91.62,84.31,84.75,74.11,84.04,86.48,101.86,93.57,89.18,92.0
31,89.8,82.93,93.69,96.5,93.23,85.77,86.75,97.59,96.94,97.05,88.59,100.44,97.17,94.7,99.11,90.13,81.06,87.6,89.33,89.6,86.0,87.25,99.5,86.67,89.6,87.5,93.7,87.85,97.8,101.0,95.82,73.5,87.11,99.29,101.33,93.72,70.2,90.46,86.36,80.79,91.54,85.62,81.52,82.86,88.46,85.37,92.17,86.94,99.25,89.8,87.2
32,95.4,76.33,95.89,79.2,94.07,96.0,92.67,87.57,87.46,102.77,77.12,93.17,96.0,88.14,93.21,92.0,77.92,83.65,92.86,88.0,89.87,89.71,90.11,81.31,94.67,89.6,100.73,90.83,86.82,84.67,83.83,83.31,96.08,97.43,85.0,81.1,60.55,103.59,103.98,92.61,103.89,97.33,82.23,90.47,88.54,91.61,99.67,95.65,92.89,93.71,81.56
33,85.8,71.55,100.2,101.29,99.29,89.29,88.31,90.71,103.0,97.78,79.7,96.06,90.0,98.45,105.0,84.5,80.35,87.1,80.0,76.4,81.14,88.2,84.11,83.15,92.88,90.09,,91.29,97.57,91.0,88.5,84.37,93.68,96.37,77.0,80.25,73.52,100.73,105.12,87.28,91.4,85.53,86.95,83.93,90.68,80.38,93.44,96.36,106.0,89.43,77.98
34,67.71,73.1,85.67,91.55,91.57,89.14,90.0,88.75,,87.09,75.04,82.95,91.98,85.11,,85.08,80.38,86.71,90.0,88.83,93.14,86.4,73.0,85.27,97.0,89.22,87.0,92.02,,85.62,85.63,80.12,97.46,97.04,77.67,83.45,71.76,94.71,96.4,95.91,97.83,90.67,90.83,89.71,97.07,89.65,101.39,91.0,95.63,89.61,90.0
35,86.4,85.39,93.75,89.58,79.73,81.12,83.5,86.73,,89.69,88.44,94.94,93.28,87.62,,84.52,75.88,70.25,83.6,87.0,89.0,93.33,91.17,83.95,98.33,94.46,95.57,95.61,,92.56,92.34,81.0,95.61,99.12,93.3,82.36,77.3,93.11,91.67,92.33,94.5,90.91,89.25,84.22,95.06,84.72,89.37,99.5,87.77,90.46,78.67
36,89.38,80.56,93.25,93.08,87.66,89.46,86.0,92.2,,90.12,81.23,93.53,94.98,86.12,,77.11,76.8,87.56,86.8,91.0,88.78,94.33,97.83,89.43,98.25,94.0,89.17,89.98,,94.01,91.19,78.0,97.97,98.39,99.86,85.64,77.66,91.49,90.89,96.25,93.33,92.33,74.5,83.8,90.99,89.97,92.5,102.6,91.28,85.67,80.67
37,89.57,87.98,88.09,93.57,90.36,84.14,84.21,87.0,88.53,87.08,82.57,91.67,95.56,90.41,90.0,87.0,81.08,86.69,89.17,90.78,92.5,80.64,89.08,86.0,94.08,84.7,94.0,92.0,93.0,94.37,91.43,82.54,92.93,88.81,85.0,85.0,73.37,85.33,86.69,89.5,86.4,84.55,81.85,81.0,90.21,97.97,94.45,89.45,92.75,84.2,82.0
38,85.42,77.25,88.86,90.18,90.29,85.17,83.34,88.0,95.36,105.25,84.89,96.15,99.44,92.64,90.88,86.33,81.33,85.0,89.12,93.33,92.86,90.75,95.64,83.73,92.08,85.38,87.74,88.87,94.27,89.59,86.65,77.45,90.33,96.88,92.27,101.75,86.74,94.31,91.97,90.33,89.96,86.13,85.15,96.92,86.07,98.05,99.18,86.0,93.44,100.83,93.0
39,84.16,85.78,90.0,89.73,80.35,83.84,91.66,88.64,89.64,88.14,88.29,88.89,102.75,97.0,91.2,86.4,74.5,81.16,84.38,82.96,87.35,85.11,90.77,85.0,93.2,90.07,92.12,90.21,98.09,100.71,89.2,79.93,93.33,97.44,101.08,87.67,74.8,88.67,92.29,91.93,94.91,88.93,86.67,88.22,86.75,89.6,88.06,102.4,92.41,93.73,96.73
40,84.12,73.64,86.0,86.27,80.62,83.48,90.88,87.18,102.57,95.55,75.54,88.31,106.27,102.28,96.25,90.7,81.57,89.11,86.2,90.79,98.59,94.57,97.27,88.0,97.8,90.36,96.91,93.7,95.0,91.0,89.0,82.07,92.77,96.67,88.5,93.33,83.07,94.25,87.3,99.45,98.18,90.29,90.22,90.0,84.6,89.5,95.23,96.55,92.21,93.76,96.32
41,94.25,87.0,84.82,94.38,102.0,90.5,92.9,83.84,91.55,95.4,80.29,91.17,87.26,91.62,113.28,89.5,86.57,91.44,91.0,93.2,92.4,90.0,91.75,88.75,88.92,88.98,97.11,89.0,91.2,91.83,89.11,85.78,94.4,96.0,94.57,88.6,75.72,91.14,90.36,86.65,83.72,91.89,85.85,89.47,89.27,90.8,89.15,90.99,98.44,92.11,84.33
42,91.11,77.71,88.35,90.32,90.24,90.8,87.29,84.57,89.8,88.0,81.77,94.31,99.26,88.0,102.27,96.7,86.29,85.46,89.62,96.21,95.0,91.43,94.4,95.07,98.0,91.62,93.92,94.17,96.67,91.57,86.35,80.46,91.0,92.15,85.4,77.0,75.32,87.54,83.74,86.79,87.44,91.72,91.35,89.68,91.43,87.14,93.15,92.63,96.89,92.09,80.83
43,89.81,92.86,99.5,89.5,96.76,92.67,91.23,81.66,87.35,102.6,84.13,90.09,97.0,93.17,99.5,90.2,81.85,90.38,87.0,87.48,91.54,90.0,86.86,77.91,90.33,87.31,84.88,88.71,91.06,87.41,79.5,64.3,87.15,92.67,98.4,97.0,53.3,94.22,96.8,104.3,91.0,87.1,85.45,87.55,93.36,99.07,86.57,95.27,92.09,91.0,83.0
44,97.28,87.17,93.5,94.29,97.57,91.12,83.87,91.67,95.45,91.13,79.09,110.38,117.83,91.0,95.6,82.71,66.35,81.11,87.67,86.57,86.11,86.53,80.4,84.5,91.0,88.78,81.91,91.17,82.67,77.43,88.0,68.62,90.33,93.2,90.0,86.4,58.54,92.0,89.16,101.36,92.87,89.93,84.12,86.83,93.86,86.04,89.25,91.22,88.52,91.2,83.0
45,94.46,83.13,99.83,93.0,96.67,93.14,88.93,99.6,104.11,97.52,51.43,90.0,102.17,92.27,90.0,83.25,81.0,89.75,74.67,76.76,92.73,87.0,94.43,81.67,90.57,85.17,92.0,96.29,82.67,86.53,89.64,78.5,99.0,91.94,90.44,87.5,73.92,92.4,89.37,95.0,97.93,80.07,83.15,82.75,90.6,89.03,91.67,90.33,96.11,95.86,82.2
46,84.57,74.08,93.0,100.27,91.38,77.14,84.82,91.0,96.09,101.33,68.93,95.29,100.5,89.24,88.77,89.71,82.53,87.83,85.29,74.23,87.64,82.38,91.35,80.6,89.81,88.6,89.5,90.44,90.16,89.08,88.55,84.0,93.71,90.79,81.29,82.5,,90.0,101.86,91.29,91.31,82.04,82.89,80.57,85.04,88.48,90.0,97.5,101.8,94.23,92.0
47,92.29,79.56,117.5,105.2,108.62,98.75,83.82,91.91,92.29,90.89,77.65,100.07,99.11,85.33,88.65,90.17,81.43,83.27,89.14,91.62,70.6,86.77,92.5,86.35,90.29,87.0,87.23,89.82,96.47,87.0,84.2,80.19,95.29,101.91,103.0,94.56,,94.57,92.56,93.0,95.24,93.39,83.2,85.5,95.17,91.25,99.79,95.25,100.83,95.2,82.0
48,87.75,81.46,92.56,86.55,82.88,86.06,85.6,91.88,96.18,94.62,76.5,90.88,89.18,91.67,90.18,92.0,77.36,85.0,88.14,83.94,85.17,85.43,89.72,83.5,92.2,86.6,95.33,94.27,97.3,89.6,89.56,79.16,93.6,97.5,92.62,92.64,,93.36,95.05,98.5,99.23,90.85,90.48,90.92,92.47,90.0,94.67,94.89,89.58,87.34,87.0
49,83.43,82.14,91.94,90.83,86.14,76.14,85.4,85.79,88.46,80.33,78.27,87.32,98.25,97.07,96.91,95.0,83.08,88.62,91.25,92.59,93.43,93.2,95.25,81.23,91.45,95.82,95.67,94.06,90.0,87.75,94.0,80.31,95.43,92.0,92.78,87.5,inf,88.62,85.14,94.88,95.04,82.5,81.7,87.1,90.0,8.47,99.43,90.5,84.14,88.71,73.75
50,82.17,79.52,86.0,92.1,90.6,82.76,81.45,90.71,96.83,92.84,86.36,96.7,96.1,89.24,102.85,93.07,80.44,88.27,89.31,92.13,93.0,91.75,95.18,86.18,86.58,89.55,92.85,91.86,95.48,87.8,86.5,80.2,93.12,92.2,94.11,90.75,111.63,98.29,95.86,100.6,100.4,80.45,79.13,93.54,82.73,28.67,86.56,85.39,100.14,88.75,87.0
51,84.62,76.06,85.25,92.61,94.75,89.6,84.29,84.94,90.0,91.83,75.73,89.29,90.5,90.54,92.88,88.0,79.62,87.43,88.37,92.08,90.22,89.14,91.86,88.51,97.86,81.53,83.35,91.71,89.48,86.2,79.34,79.86,90.76,84.3,80.55,79.15,68.42,86.18,86.5,88.44,87.74,80.14,79.57,88.06,84.12,86.67,97.29,93.86,90.63,91.86,87.88
52,87.0,80.12,89.5,94.66,90.83,88.13,87.78,87.06,90.59,91.61,80.17,89.29,98.07,101.79,99.41,94.25,82.75,88.73,90.88,91.91,88.22,86.0,91.38,83.35,93.55,94.27,90.88,88.0,74.6,90.33,81.34,80.5,94.62,94.0,94.46,83.0,72.6,86.5,94.5,99.86,91.0,91.15,84.69,83.06,100.42,89.5,95.43,89.14,88.59,91.0,90.62
53,93.25,79.6,83.2,85.53,91.8,86.74,86.0,93.17,102.0,93.75,84.18,99.14,92.42,80.95,94.41,91.92,75.29,83.18,88.18,89.83,94.54,94.27,96.08,90.25,94.91,94.64,94.27,92.0,94.56,83.0,80.15,76.78,86.78,93.41,90.64,86.23,85.31,88.1,83.5,93.42,90.71,82.85,85.45,88.22,96.33,91.14,93.75,101.23,93.89,94.8,88.57
54,97.86,92.55,93.47,72.67,92.71,88.8,83.75,81.33,88.17,85.18,87.43,90.43,94.93,92.75,93.0,99.29,80.6,88.17,92.5,88.0,90.94,91.67,96.16,88.86,90.54,89.89,98.14,94.35,96.47,99.5,81.22,71.85,93.35,90.89,103.36,101.0,94.73,90.28,82.83,95.65,91.53,82.88,81.5,95.89,90.0,89.11,90.3,100.46,89.99,91.0,88.16
55,86.67,79.89,88.73,87.8,75.13,79.62,81.56,88.44,93.86,92.29,80.14,91.5,99.0,90.11,87.07,77.6,82.73,90.8,85.6,90.0,90.07,89.76,98.2,88.11,92.83,95.82,93.67,87.5,90.76,86.76,85.56,77.04,90.8,89.58,88.83,86.94,67.59,90.63,92.6,97.24,93.67,92.0,88.12,84.55,90.5,112.93,97.5,94.91,98.13,89.6,77.0
56,81.69,86.67,91.62,89.67,76.82,87.36,90.53,87.5,86.25,99.71,85.13,106.08,108.56,103.93,97.96,92.54,84.0,85.6,87.4,86.5,87.73,88.55,86.38,84.44,98.29,93.22,88.29,94.33,91.63,93.13,91.43,81.27,93.71,88.52,92.62,90.44,81.91,93.71,90.5,96.14,96.9,82.18,88.29,89.0,95.69,105.8,88.0,90.59,95.14,83.43,72.8
57,63.88,79.05,85.0,85.53,90.0,78.27,87.16,89.2,95.33,88.27,81.69,90.42,88.68,81.7,94.23,86.48,73.76,87.23,80.71,93.0,92.53,92.3,93.45,88.14,99.82,94.51,91.69,92.08,91.25,90.4,87.27,75.0,90.42,88.9,84.51,84.77,62.41,90.71,91.43,91.6,92.32,85.33,81.0,81.72,90.71,91.56,88.83,92.03,78.6,85.83,71.5
58,86.49,84.59,90.25,85.22,87.82,80.3,84.64,81.67,85.08,85.73,79.79,86.55,95.0,86.3,99.15,94.32,80.0,84.15,94.0,90.55,89.81,86.8,88.38,84.65,92.77,93.27,91.38,89.84,90.62,92.22,84.48,74.7,90.0,85.53,91.75,87.43,83.56,91.24,94.0,92.38,94.52,86.0,78.33,86.43,87.0,96.76,88.14,91.89,90.2,85.37,90.0
59,85.18,79.32,87.19,89.26,85.83,93.73,88.65,91.32,99.59,89.21,78.5,91.35,97.93,96.29,92.15,90.0,79.12,86.27,87.15,89.44,91.47,87.0,88.86,82.32,86.6,87.31,88.19,84.2,88.15,90.07,82.4,74.73,91.14,88.06,88.57,90.22,65.35,89.82,88.17,87.78,90.88,85.0,76.69,84.0,89.0,89.5,90.31,90.9,107.24,89.13,88.86
60,91.0,82.55,90.39,90.23,88.0,78.54,83.0,84.11,88.27,86.93,79.83,93.57,95.41,93.91,93.61,83.88,78.9,83.76,82.06,85.69,90.11,87.0,90.0,84.25,88.05,89.06,91.0,90.33,90.58,90.78,81.43,74.51,90.5,83.19,88.0,89.89,67.05,80.44,84.75,85.78,86.33,88.5,80.71,74.18,96.45,99.39,92.88,85.58,86.11,89.36,90.0
61,91.26,82.89,85.24,99.4,96.35,84.6,85.12,83.36,87.67,91.5,82.21,91.83,93.67,87.59,81.59,90.4,77.8,82.27,86.24,,89.67,90.08,91.86,86.0,90.61,91.42,86.89,83.78,89.0,88.33,78.85,71.44,88.12,86.47,90.12,86.21,65.71,88.82,92.45,92.23,88.8,85.12,82.71,80.24,86.73,87.16,91.65,84.02,84.82,98.12,76.0
62,88.43,83.86,93.71,92.06,87.88,91.12,84.87,86.5,94.09,93.57,84.38,95.67,91.55,89.0,88.06,84.2,79.73,78.0,84.66,84.67,85.43,86.65,89.48,83.45,87.5,89.59,88.84,93.67,88.87,90.33,81.65,75.6,88.7,89.62,93.07,89.24,58.67,89.05,87.95,89.84,93.53,93.03,89.62,87.21,96.0,92.23,86.55,82.96,99.09,92.83,84.43
63,88.26,78.88,88.33,109.69,110.46,84.0,80.91,83.71,84.6,83.23,76.38,84.62,92.74,89.57,92.1,90.48,78.5,85.4,84.1,,91.6,87.0,86.61,84.62,86.0,85.31,87.93,89.44,87.91,90.43,85.79,72.12,90.18,93.29,100.0,98.93,71.96,87.91,87.6,90.0,87.38,86.7,84.64,84.97,94.4,90.74,89.07,90.55,93.46,88.17,79.43
64,90.6,85.31,92.45,88.24,91.44,85.65,85.59,87.0,90.7,90.64,80.86,94.95,95.2,84.11,82.53,83.65,75.09,84.5,83.74,86.22,88.6,85.87,89.94,83.22,88.86,82.92,88.82,89.42,92.47,91.38,83.24,76.17,91.6,95.94,90.79,87.0,74.19,93.32,90.12,93.37,87.21,89.05,85.76,84.74,87.33,87.86,91.47,94.44,90.0,91.67,83.27
65,90.62,82.14,88.72,91.81,85.11,87.32,81.25,87.77,88.67,93.55,78.73,88.95,97.79,88.35,91.17,89.27,76.75,84.75,83.54,86.8,83.67,89.25,87.41,80.81,89.42,89.13,93.18,92.32,92.83,94.2,83.04,75.94,91.04,89.78,95.5,93.83,61.82,89.0,91.5,93.46,93.81,90.92,85.92,81.56,90.86,94.9,92.12,91.66,107.23,89.07,86.12
66,89.84,83.0,89.57,92.68,91.04,88.83,83.0,88.6,92.9,87.07,77.83,88.98,91.93,85.52,90.97,87.06,75.69,84.12,83.34,87.5,84.77,88.11,93.15,84.04,88.44,88.55,90.72,91.05,89.42,88.4,85.2,75.26,86.89,89.31,93.39,92.71,71.0,88.53,89.34,95.11,92.74,83.85,85.91,82.73,89.62,91.09,87.12,94.99,92.64,98.33,75.5
67,83.35,82.61,93.67,91.31,86.79,84.61,85.38,83.37,89.5,86.41,80.19,95.64,95.0,88.31,96.94,87.67,78.14,89.09,84.07,87.8,88.57,89.0,90.09,81.44,87.61,88.14,88.14,83.35,85.72,87.41,82.71,76.25,87.26,87.53,93.52,87.67,63.91,87.11,92.54,89.33,86.76,86.58,80.03,84.17,92.6,90.0,93.27,99.85,95.59,100.55,96.0
68,87.03,83.43,89.07,88.07,86.67,81.33,84.7,86.5,91.38,89.85,79.24,88.11,95.64,86.11,93.44,87.45,76.67,83.21,83.2,87.23,87.25,84.93,90.54,82.65,90.71,89.62,88.4,85.93,84.84,86.5,86.32,77.25,88.26,87.78,93.3,88.77,59.57,84.95,88.46,93.17,93.36,92.88,91.91,86.25,92.85,87.33,90.75,102.62,99.53,101.17,88.0
69,87.0,82.53,90.02,90.84,89.14,84.3,80.26,83.21,85.73,89.7,77.11,87.89,95.74,90.2,99.0,90.29,79.73,88.3,85.45,87.17,92.58,87.75,89.5,77.73,87.0,86.24,88.12,89.0,88.24,88.41,83.86,75.19,90.36,88.48,96.61,92.87,60.0,87.47,87.65,87.18,89.52,87.49,86.77,82.48,90.46,88.29,87.0,94.43,91.98,98.52,85.42
70,92.27,82.43,85.35,90.65,92.19,89.96,83.78,87.03,93.87,86.96,79.57,88.62,93.54,88.24,93.13,86.83,76.16,81.87,82.08,84.09,86.95,89.86,87.17,80.47,87.93,88.45,90.22,87.67,89.57,89.94,85.83,74.0,89.47,88.67,92.37,86.03,60.0,91.45,93.19,99.33,92.55,91.92,89.57,85.62,92.68,101.73,91.24,88.09,98.92,81.88,82.71
71,87.53,85.27,92.35,88.79,88.42,83.42,86.38,88.15,84.98,85.04,77.5,88.67,92.64,86.12,97.12,87.8,76.3,83.92,83.67,86.75,89.36,88.31,88.26,80.86,86.94,87.7,84.07,88.87,86.42,87.5,85.44,74.36,89.6,86.87,95.09,95.37,64.18,88.62,88.87,94.95,91.46,94.05,92.16,86.28,89.58,95.71,94.2,99.83,83.92,88.87,80.75
72,80.78,75.39,87.41,83.65,84.31,86.61,83.94,91.38,93.86,88.06,81.42,89.34,91.0,87.34,94.1,86.95,79.25,83.67,86.82,82.46,83.29,86.63,89.06,81.53,84.36,90.26,89.31,89.79,90.44,89.4,83.08,74.7,88.89,87.87,92.23,87.92,57.1,93.25,93.53,99.24,95.45,88.72,88.51,84.9,91.86,98.85,95.83,98.53,101.55,97.89,91.44
73,90.33,79.9,85.54,87.41,89.31,88.32,82.63,88.0,88.67,85.05,75.55,90.44,96.48,89.62,95.71,89.77,78.45,84.24,86.58,85.21,84.25,87.83,91.89,83.86,86.88,88.39,88.27,87.1,89.57,89.41,84.49,76.39,89.81,91.13,98.46,93.48,66.29,94.06,98.68,100.52,95.57,89.58,88.73,87.23,92.31,100.64,98.31,98.44,102.71,94.56,92.89
74,86.06,80.9,85.86,88.47,83.41,82.69,84.66,91.17,93.41,93.63,75.1,91.0,94.88,89.39,95.78,85.54,75.79,84.28,82.42,86.41,86.89,86.75,88.64,83.38,88.28,89.4,92.2,89.24,89.76,87.67,86.45,76.19,88.85,88.28,94.81,90.7,69.2,94.38,97.4,97.69,97.49,89.46,88.22,85.0,92.68,99.54,94.71,107.45,103.32,91.67,93.12
75,87.57,80.62,87.35,93.84,91.54,88.96,88.11,94.0,92.43,84.77,75.64,89.3,95.58,94.65,96.59,88.67,77.33,85.02,84.23,87.1,90.54,87.38,89.56,83.51,88.64,90.28,89.82,87.96,89.78,84.36,81.28,72.84,89.71,88.28,90.61,88.5,60.89,95.15,97.45,96.02,97.45,90.29,88.9,84.58,98.12,103.23,94.8,98.0,98.05,96.29,91.6
76,90.11,84.39,88.04,88.45,86.07,85.75,83.91,92.36,94.8,90.84,80.9,100.49,97.22,89.72,99.41,89.1,77.83,85.3,83.23,86.76,88.09,86.27,85.9,80.49,86.14,85.91,85.93,86.24,87.06,88.04,85.46,74.86,88.76,89.48,95.47,95.07,77.73,95.75,96.1,97.27,97.54,91.64,86.54,85.79,99.15,100.5,92.34,96.82,96.0,85.01,89.85
77,86.6,82.29,87.34,89.93,89.38,97.82,85.87,89.98,94.3,88.35,76.69,91.03,93.42,89.55,95.11,85.0,76.07,81.79,82.44,85.0,86.71,87.13,88.18,80.47,86.88,87.31,88.55,86.09,86.57,86.69,82.78,72.57,84.34,85.79,103.51,98.95,68.49,94.93,94.28,98.83,100.35,95.01,90.11,86.18,97.37,96.0,95.62,91.22,90.5,95.64,90.67
78,90.16,78.55,85.87,88.74,83.36,83.89,84.14,88.22,92.28,86.99,76.45,92.08,91.65,91.23,95.12,88.67,76.74,83.71,83.96,85.78,84.7,85.49,86.52,80.36,83.6,87.22,83.03,78.44,86.94,84.6,82.24,73.89,87.39,87.98,93.21,89.59,60.98,92.38,93.42,95.5,92.64,92.21,90.0,85.48,99.04,102.03,92.0,95.79,99.67,91.06,89.79
79,88.6,81.88,87.5,90.48,88.08,88.69,87.15,87.8,95.59,89.05,77.24,89.52,98.72,93.99,97.94,86.48,74.61,82.36,81.0,85.04,83.41,82.0,84.16,80.39,82.77,86.84,86.72,82.19,87.26,86.84,81.42,74.71,90.49,90.06,99.67,94.01,57.65,93.73,95.43,98.49,97.18,89.94,90.32,84.77,97.22,98.71,92.48,97.81,98.75,86.36,91.05
80,88.99,80.98,87.19,90.72,90.19,90.31,86.41,86.83,86.65,85.61,75.33,87.1,92.77,87.97,94.46,86.11,73.84,80.12,78.57,82.39,85.19,85.46,85.9,78.61,83.9,87.15,89.88,84.96,87.57,88.64,84.09,73.56,88.44,86.39,93.93,93.16,64.18,92.43,90.53,93.72,94.33,91.19,87.61,84.24,93.35,99.23,91.57,90.11,92.4,95.88,86.88
81,84.4,80.18,88.94,91.03,83.29,87.52,82.56,85.94,90.03,87.63,77.4,88.52,93.68,92.49,95.94,87.96,75.55,82.28,82.74,83.52,84.85,84.37,86.18,80.38,84.48,85.5,84.91,83.66,87.36,86.05,81.97,74.18,84.79,82.96,91.62,91.87,71.14,93.02,90.93,95.95,92.9,90.6,87.93,83.65,95.45,94.4,93.07,94.25,94.9,95.7,93.82
82,86.42,80.75,88.31,87.36,85.02,91.84,86.92,90.18,91.49,85.46,77.09,87.59,90.34,92.86,95.87,86.65,75.01,80.6,80.45,82.82,81.2,83.93,83.65,79.55,81.38,85.56,85.39,82.65,86.61,83.59,76.23,72.16,86.91,85.88,90.4,86.6,68.54,92.28,92.72,96.36,95.35,91.23,86.39,82.6,98.13,101.87,94.8,98.31,89.92,91.87,87.46
83,88.61,78.82,84.91,89.71,86.99,85.88,83.18,90.83,92.14,83.81,71.96,86.2,90.41,89.92,93.26,84.08,72.8,79.62,79.52,81.26,82.6,82.19,83.32,75.16,81.51,83.85,81.43,74.89,82.98,83.63,77.05,70.41,84.99,82.59,92.82,89.85,66.9,91.89,90.29,98.24,97.6,94.0,87.33,83.96,94.57,101.56,92.0,96.06,96.14,91.0,85.79
84,89.35,80.42,86.19,89.11,80.5,81.47,83.45,89.28,90.74,85.41,75.88,86.51,86.46,86.61,95.19,86.86,74.85,80.06,80.81,81.73,82.38,82.72,85.15,75.62,81.34,83.32,82.12,82.42,83.07,83.77,81.76,70.46,84.77,84.69,90.55,91.11,65.16,92.96,92.48,93.27,91.65,92.13,88.08,82.26,91.09,94.19,92.03,95.59,97.63,92.34,88.43
85,78.38,73.27,82.19,88.03,80.98,81.72,83.61,84.14,89.73,85.51,72.56,85.78,89.69,88.37,95.2,87.34,75.96,82.1,81.03,82.76,82.25,83.93,87.7,78.87,84.94,84.75,85.86,82.69,86.1,80.86,78.04,71.7,85.86,84.69,83.65,87.35,66.07,92.88,91.27,94.58,90.18,89.61,85.51,84.32,90.88,99.0,95.29,95.27,95.09,92.25,88.49
86,85.74,80.22,84.31,85.61,80.85,81.05,85.66,85.58,88.19,85.91,75.91,87.57,95.62,89.47,94.39,88.42,74.95,79.27,79.21,82.93,83.17,82.1,83.42,74.64,80.54,81.14,81.36,78.13,80.73,81.64,78.47,71.91,83.95,82.64,94.51,92.48,64.17,92.5,91.89,95.44,92.75,87.82,83.47,84.98,91.62,100.29,92.56,95.15,95.76,93.69,86.27
87,83.39,74.63,81.16,83.41,77.74,83.17,88.71,91.52,90.34,85.08,73.7,84.14,89.95,87.46,92.14,83.49,72.85,77.68,78.11,79.79,79.46,80.59,81.16,74.28,77.91,83.17,82.69,83.98,83.91,82.49,80.25,71.63,83.73,83.53,94.65,91.3,63.75,92.09,91.69,93.64,91.59,90.36,85.54,82.76,91.07,98.5,88.86,91.71,94.46,96.12,88.05
88,88.2,76.79,83.96,84.05,80.79,81.95,82.0,84.11,87.22,82.9,73.56,85.17,90.36,88.3,92.76,85.88,72.23,76.93,78.06,81.25,83.05,81.05,80.32,75.96,81.28,83.51,81.73,82.88,85.42,80.79,76.71,71.31,83.82,84.67,89.62,87.02,62.12,92.45,95.57,97.39,89.72,91.22,87.43,85.39,96.86,94.31,90.61,93.78,95.47,95.13,89.5
89,78.39,76.46,69.06,84.54,79.13,85.47,82.5,86.36,86.19,84.3,73.89,84.85,90.54,88.54,94.46,85.89,74.18,80.12,78.44,80.99,81.53,81.75,82.34,75.11,80.92,82.64,82.99,80.46,79.42,83.93,79.8,73.21,84.46,86.86,93.28,91.32,63.31,91.81,92.14,95.32,94.58,91.54,84.17,81.75,91.44,98.62,90.01,96.15,93.18,89.71,90.89
90,80.4,72.18,68.44,83.4,73.87,86.09,81.04,83.74,89.55,82.61,73.7,86.16,90.5,88.93,91.12,84.31,72.27,78.22,77.38,78.68,79.83,81.03,81.32,74.68,80.72,86.29,87.85,78.69,85.15,85.61,74.9,71.84,84.4,81.77,93.79,86.58,62.35,92.79,94.13,97.89,95.88,87.31,82.47,85.12,96.67,90.71,87.59,92.44,91.37,92.59,90.12
91,77.83,76.91,73.75,83.2,80.52,83.14,80.31,86.22,88.95,85.89,73.38,88.89,92.19,94.15,95.22,86.97,75.57,80.07,81.04,83.81,84.39,83.4,81.41,76.17,77.54,79.12,81.5,79.59,78.84,84.45,78.67,70.32,81.85,79.26,90.03,88.01,61.27,91.66,92.48,95.06,93.49,93.91,87.33,82.4,96.55,98.44,88.58,92.56,92.94,93.62,93.18
92,80.54,76.5,74.88,85.93,79.91,81.56,83.5,84.58,91.61,83.37,73.27,87.77,90.86,90.69,92.16,84.89,70.8,76.52,75.56,77.68,78.98,79.46,78.97,76.02,78.25,83.96,84.79,83.88,80.96,81.81,75.68,68.79,80.69,83.29,89.01,89.46,61.85,93.05,94.1,94.18,92.21,91.34,86.83,83.26,98.67,97.93,88.56,99.76,102.7,93.9,93.19
93,84.23,77.62,78.59,88.12,76.7,83.39,81.14,84.01,90.23,84.91,74.53,86.51,88.17,89.99,93.56,85.35,74.43,80.4,78.49,81.41,81.03,81.61,83.53,78.02,79.73,82.6,82.64,79.18,81.3,82.54,74.99,68.93,84.83,85.61,91.49,88.53,61.6,93.39,92.42,91.64,93.16,87.98,85.23,81.65,98.07,98.47,94.61,99.95,94.16,95.1,88.64
94,75.49,75.19,78.46,82.57,70.77,77.34,84.38,87.56,91.58,88.0,74.15,87.4,89.81,87.95,94.73,86.85,71.74,79.18,77.98,80.85,80.29,83.65,79.68,74.29,81.89,82.27,80.67,84.37,82.03,84.43,78.76,72.43,84.13,81.06,91.48,91.28,61.65,94.17,93.75,95.89,94.51,88.29,87.35,83.85,98.73,96.94,92.39,99.84,96.42,91.58,85.97
95,77.56,74.26,80.33,86.26,78.55,80.21,83.28,87.51,90.74,85.44,74.5,87.85,90.81,91.21,93.32,84.64,74.74,81.3,79.86,83.01,81.75,81.33,82.86,76.71,79.6,83.1,81.91,83.67,83.19,84.46,80.88,72.14,83.04,82.96,93.15,91.95,61.95,93.07,93.02,96.63,93.98,88.67,86.85,84.15,95.76,104.57,92.12,94.23,95.82,93.96,86.97
96,84.55,80.62,83.69,87.78,76.22,84.59,82.1,84.52,90.53,82.77,73.37,87.0,88.41,90.68,95.43,84.94,75.44,79.55,78.55,81.37,78.58,80.17,83.24,75.99,84.52,82.95,84.69,84.46,85.07,84.3,79.28,71.38,82.41,81.43,90.56,84.61,56.83,92.19,92.48,93.24,92.11,89.65,89.06,84.37,99.91,101.26,90.41,95.29,94.32,88.63,90.22
97,81.99,77.6,84.64,85.87,75.98,84.25,80.18,86.26,92.79,86.48,74.01,86.88,90.29,86.47,92.5,86.38,74.18,79.6,78.99,82.18,82.45,84.11,85.05,76.08,82.48,81.57,83.8,83.6,83.95,83.64,77.67,68.24,85.39,83.33,98.14,94.83,57.41,91.77,93.94,96.96,90.13,92.78,90.38,82.78,94.0,103.56,92.38,89.9,90.72,92.37,83.83
98,85.01,77.18,83.6,86.82,79.08,81.54,81.26,84.97,90.49,85.87,71.95,85.05,88.94,87.44,92.24,86.73,74.34,79.93,80.53,81.07,80.32,81.9,83.69,77.46,82.19,84.3,82.02,83.95,83.28,82.36,77.84,70.21,83.73,81.77,91.17,89.31,57.54,91.44,90.99,93.02,90.25,88.38,85.39,83.33,94.48,96.77,92.89,91.64,93.13,95.0,82.61
99,82.43,73.99,62.83,85.56,80.29,82.73,85.54,86.92,90.03,83.55,73.92,85.67,88.65,93.8,95.7,82.51,74.31,81.64,80.63,83.55,83.36,82.31,84.95,77.05,80.33,79.59,81.08,82.2,81.9,79.25,76.3,68.89,82.38,81.52,91.4,87.28,58.97,91.24,92.19,94.45,91.27,93.13,90.69,82.01,99.0,104.12,87.24,95.1,93.82,95.75,87.75
100,79.24,75.85,80.48,84.88,79.38,83.55,85.93,87.83,94.33,84.66,74.97,87.27,91.37,90.54,93.81,85.07,72.11,76.27,77.3,79.98,77.25,78.63,76.46,70.45,78.94,78.58,81.26,80.23,80.98,80.48,75.36,70.71,82.03,80.92,88.17,89.17,59.61,91.31,92.73,93.7,90.53,92.68,87.43,84.62,93.78,97.09,88.05,95.68,92.43,94.5,90.77
101,78.24,73.37,83.57,86.34,80.5,85.68,85.13,88.83,93.26,80.96,74.77,83.13,85.31,87.27,91.24,82.82,70.77,75.53,76.93,80.1,77.88,80.8,79.17,72.82,79.95,80.25,82.85,83.92,83.27,80.96,80.46,69.53,80.43,82.37,93.32,90.9,54.17,91.69,90.51,94.58,92.21,87.81,86.38,83.17,93.04,92.88,95.76,95.64,89.04,85.46,85.4
102,82.25,76.46,83.93,84.62,76.51,83.53,79.39,86.12,91.43,82.98,72.54,85.41,85.46,86.2,94.38,82.27,72.53,77.72,77.71,79.79,78.77,84.23,82.07,75.76,83.73,84.0,81.39,81.83,86.31,80.82,78.58,71.96,84.85,84.21,85.07,88.25,53.48,90.87,90.48,96.34,94.6,89.62,86.09,83.18,99.09,100.48,91.46,88.96,89.06,89.21,87.66
103,82.23,72.15,84.29,78.66,70.44,74.07,81.94,84.41,92.04,82.92,72.95,85.02,88.66,83.8,95.63,86.86,72.84,75.92,76.59,79.28,80.07,79.98,78.41,73.43,79.21,84.95,83.17,82.51,83.5,82.45,78.78,71.88,82.76,81.69,88.33,88.42,56.21,90.1,89.18,95.42,93.85,87.05,85.99,83.59,98.45,94.04,86.05,91.16,92.73,88.37,87.75
104,79.38,75.42,84.06,84.09,70.73,81.27,79.93,84.24,89.35,84.93,71.94,84.98,89.2,83.05,86.35,78.07,69.71,74.29,76.62,78.65,81.46,83.27,83.55,77.32,82.99,80.52,80.51,80.8,84.19,82.26,80.62,71.47,82.28,79.9,93.53,90.89,60.51,92.12,93.47,94.83,89.52,90.38,87.46,82.69,96.63,94.57,90.32,93.22,87.62,84.93,86.44
105,78.71,74.39,80.85,81.57,72.45,82.82,80.0,81.32,86.24,82.56,74.08,85.69,86.82,87.17,91.54,81.97,74.0,77.97,78.8,80.88,76.83,77.52,82.07,77.61,78.38,81.73,81.56,79.67,86.1,79.51,79.84,72.91,86.49,85.77,91.66,91.43,59.69,95.82,96.0,96.07,93.85,89.92,89.88,81.98,96.18,89.53,95.79,90.45,89.13,87.47,82.31
106,79.9,74.87,81.45,84.1,80.13,82.41,82.93,85.65,91.12,83.83,73.12,85.57,88.34,87.44,93.03,83.82,72.62,79.0,77.81,80.7,81.73,81.06,79.27,74.77,79.73,82.95,82.99,82.87,83.42,80.61,77.21,73.25,86.84,85.87,89.39,87.36,61.04,96.25,91.62,91.41,92.97,86.29,84.83,82.81,92.98,91.87,92.8,92.05,89.05,85.11,80.24
107,83.55,79.48,85.2,85.24,80.73,88.7,85.02,85.06,90.03,85.63,71.97,83.99,86.83,82.39,90.69,83.74,70.74,78.37,76.33,81.34,83.51,82.79,80.41,78.14,85.33,82.08,84.88,82.85,83.5,83.0,79.53,71.67,85.51,83.6,90.41,89.74,60.47,94.47,89.84,93.16,91.18,90.44,93.48,84.98,93.68,97.81,94.5,90.68,92.04,84.36,82.41
108,80.16,78.28,82.66,83.24,75.46,86.12,84.53,82.58,89.15,82.86,73.38,85.65,88.26,85.83,90.79,84.39,72.81,79.17,79.93,81.94,81.83,82.46,80.91,76.14,78.66,79.58,84.12,81.13,83.89,82.52,78.17,73.69,87.24,87.5,94.01,95.94,59.98,91.91,92.64,92.87,92.29,93.88,89.94,84.84,92.91,94.82,91.93,91.09,92.94,90.1,78.74
109,86.78,78.23,82.74,82.63,80.25,81.01,83.85,89.25,88.86,82.99,72.13,82.62,91.05,90.07,90.43,81.45,69.46,75.6,74.64,79.6,78.3,75.64,79.68,77.24,83.66,83.78,85.62,84.83,85.06,84.57,79.26,71.0,80.7,77.45,87.29,87.62,60.93,90.65,90.19,94.18,91.0,89.95,85.32,83.19,94.21,93.85,91.73,93.18,95.3,100.48,82.85
110,80.76,73.84,80.54,85.61,77.85,80.19,80.03,82.1,87.48,79.33,70.8,83.67,87.54,87.06,91.73,85.0,74.09,79.55,80.93,80.74,82.16,79.77,80.42,74.34,82.34,81.18,81.89,79.47,78.97,80.4,79.84,71.37,84.17,79.72,86.19,87.04,61.2,90.37,88.17,91.01,93.11,85.43,81.67,83.53,91.14,99.27,92.82,96.44,94.86,87.82,91.06
111,81.16,74.05,81.48,85.17,77.62,82.51,81.68,85.68,90.02,85.32,72.68,84.38,90.14,85.07,90.63,83.52,72.49,77.11,75.85,78.35,78.15,78.96,80.19,74.66,79.06,82.83,82.79,79.76,79.69,81.91,76.33,72.1,77.92,77.74,88.54,86.45,62.43,90.84,90.4,93.63,90.54,89.52,85.33,86.27,95.2,96.23,89.33,96.36,90.25,87.67,85.68
112,84.34,77.23,83.17,89.58,86.13,88.16,86.28,84.08,87.35,80.25,70.24,83.17,89.28,86.19,91.64,80.79,72.21,77.2,77.39,78.5,81.45,81.78,79.37,76.73,79.56,83.81,83.8,80.52,80.2,80.38,77.35,71.61,84.91,85.44,84.83,86.79,61.54,90.39,87.44,88.72,88.54,89.22,87.5,82.46,99.97,94.79,88.82,77.26,90.23,96.47,81.91
113,85.17,77.93,82.6,85.22,80.48,84.84,80.26,88.02,88.18,83.94,71.68,82.78,88.47,86.25,90.47,83.45,72.69,77.96,78.03,78.54,79.26,77.23,80.11,74.87,76.08,79.08,81.05,77.89,78.55,79.19,78.34,69.88,83.3,82.21,85.82,88.25,62.27,89.07,88.71,91.22,87.34,89.6,85.88,84.21,92.17,98.13,92.38,95.84,90.98,91.63,83.66
114,81.97,75.85,82.21,83.0,80.21,85.7,81.9,81.68,87.07,84.95,72.87,83.9,88.74,86.76,91.87,83.2,69.73,74.7,73.75,77.44,75.28,77.33,78.69,71.53,77.03,76.63,76.99,78.13,80.8,78.69,74.34,70.43,84.99,81.63,86.23,85.5,63.15,88.9,89.82,94.16,91.59,90.72,88.27,84.68,91.77,95.6,93.16,94.21,97.22,87.95,88.22
115,80.63,76.7,81.78,84.73,75.85,85.06,85.12,87.49,91.02,84.14,72.14,82.01,85.62,87.42,84.29,79.84,68.3,77.39,73.87,80.18,78.12,78.49,79.73,71.81,78.32,76.89,81.08,81.92,80.72,83.02,79.31,69.97,82.51,82.07,86.35,88.33,63.54,90.91,89.51,97.38,91.03,90.07,88.53,83.12,99.0,96.56,92.55,99.57,96.25,81.91,83.99
116,83.87,74.79,79.62,83.53,78.43,83.92,81.88,86.96,87.56,81.81,71.31,83.23,84.75,86.51,89.33,83.43,72.04,75.55,76.57,78.69,76.43,80.85,81.69,71.03,80.3,81.61,82.45,80.04,80.98,81.35,74.53,70.24,79.93,79.62,88.71,88.68,60.74,93.41,90.18,94.59,96.78,89.25,85.6,81.85,94.65,102.97,88.44,93.45,92.81,86.64,85.03
117,76.28,73.37,79.45,83.97,78.81,79.03,81.06,86.0,87.4,83.58,70.65,84.39,86.81,85.05,89.5,83.13,73.89,78.18,78.97,77.27,79.95,81.1,80.63,76.03,76.02,79.83,78.3,77.73,79.78,79.27,76.36,69.49,78.91,77.73,88.18,87.92,61.84,92.54,90.19,93.54,91.48,87.31,83.46,82.6,96.26,96.25,92.15,94.51,94.38,97.54,88.44
118,79.27,73.46,80.93,84.02,77.0,86.34,82.2,83.5,87.32,82.1,72.86,82.38,89.2,88.4,88.13,83.84,72.92,78.02,77.71,80.31,76.22,75.72,76.7,72.23,74.82,77.44,79.05,80.55,81.49,83.3,78.5,69.6,85.86,86.96,88.73,87.42,61.08,91.26,89.33,91.62,90.21,88.36,83.04,82.8,93.68,101.62,95.54,99.85,93.57,95.76,84.67
119,83.67,74.0,78.65,82.9,74.95,82.47,83.18,88.0,93.35,85.1,72.07,82.09,88.23,81.69,90.76,82.56,67.9,74.45,74.22,75.33,79.59,82.57,81.12,76.03,81.56,83.3,83.64,81.82,84.09,82.67,79.96,72.02,84.08,81.57,89.77,87.06,61.63,88.4,86.18,89.37,92.85,86.71,83.12,83.72,94.74,94.08,94.62,94.77,88.0,90.45,71.38
120,82.77,75.1,81.28,85.68,79.52,82.71,80.85,82.12,86.69,82.78,71.19,83.74,87.32,81.62,89.2,83.68,72.79,77.2,77.5,78.91,79.94,82.05,82.62,78.23,80.33,81.55,81.34,82.3,82.39,78.73,79.71,67.38,86.79,84.26,78.82,82.67,61.55,87.61,89.19,92.61,93.01,90.8,86.36,86.01,94.4,92.07,95.12,91.08,93.73,94.08,83.12
121,80.94,72.66,79.15,81.89,74.08,85.09,79.2,83.06,85.65,81.51,71.08,83.49,89.13,81.22,86.92,83.35,71.92,77.98,77.15,80.21,78.97,79.58,80.79,76.49,77.95,76.32,79.36,80.41,81.83,81.57,76.76,66.11,76.19,82.63,83.9,85.3,62.18,87.7,89.22,94.11,92.29,87.32,84.77,83.98,94.7,90.04,91.78,94.04,89.31,88.15,80.36
122,79.73,73.68,79.61,81.54,76.81,86.24,81.92,82.71,85.03,81.2,72.67,84.29,88.26,84.61,87.19,82.3,68.92,75.91,73.71,76.84,75.64,76.47,78.53,75.78,75.94,81.33,80.91,80.06,83.24,79.27,74.78,71.65,85.05,82.6,89.81,88.16,58.32,90.09,89.9,93.75,90.93,91.55,87.53,83.03,90.51,94.16,91.37,93.8,88.0,87.79,80.61
123,81.19,74.43,83.0,82.2,77.37,79.67,85.03,85.62,87.23,81.68,72.54,81.8,87.6,82.6,88.22,80.56,69.09,74.7,76.67,76.73,76.83,80.38,80.15,72.58,79.48,81.78,81.86,79.44,82.72,82.34,78.91,73.03,82.89,85.43,83.68,86.84,60.34,87.81,87.22,92.09,93.21,89.19,85.8,82.69,95.3,93.45,96.33,99.54,90.19,90.15,83.3
124,83.55,76.49,81.38,79.48,77.22,81.32,80.99,82.39,85.26,81.55,71.63,82.48,88.2,84.52,89.9,82.61,67.82,76.15,75.17,78.3,79.76,80.34,82.22,76.14,81.37,83.45,82.08,80.48,83.85,83.36,78.05,72.69,87.53,84.37,89.86,86.52,63.69,91.12,88.94,92.91,90.82,87.66,86.42,83.66,99.47,103.94,88.65,97.24,88.89,88.36,79.62
125,74.67,70.04,77.84,77.26,68.71,83.35,84.49,87.19,90.44,84.22,62.29,83.07,90.43,80.35,81.25,83.14,73.33,77.2,77.54,78.02,78.29,81.99,84.91,76.98,80.12,80.68,82.32,82.3,82.36,78.15,81.58,72.7,85.54,85.83,90.43,86.49,67.17,91.89,89.29,86.47,86.06,89.38,83.96,82.32,92.45,94.59,89.21,90.74,92.0,95.67,87.2
126,77.64,77.56,80.97,76.22,77.41,82.44,79.93,81.42,87.76,84.01,72.63,82.72,89.58,86.79,92.36,83.4,73.8,78.25,77.92,80.08,81.51,79.68,82.32,74.03,80.02,83.99,80.09,81.22,80.95,80.66,74.97,69.95,81.08,80.4,84.88,84.68,67.46,88.94,89.3,93.38,91.73,86.21,84.35,85.18,94.24,93.59,92.4,103.68,90.9,92.21,82.53
127,78.33,70.95,78.11,76.6,78.16,81.31,79.92,81.54,88.43,80.4,72.02,83.15,90.63,85.86,91.74,83.67,72.33,76.81,77.36,76.53,78.42,80.15,77.11,72.77,75.71,79.24,76.84,78.23,83.26,81.87,76.57,71.72,82.65,79.92,84.07,83.34,61.11,89.12,87.87,92.09,89.4,86.75,83.64,83.73,91.46,93.7,92.56,91.93,90.47,92.1,80.06
128,78.61,71.19,79.42,77.52,76.99,81.91,82.46,86.14,89.17,82.69,70.78,82.38,89.57,87.95,86.42,79.93,70.1,75.95,74.46,74.71,72.2,79.5,77.5,75.67,75.38,79.82,80.57,81.03,83.52,80.45,76.99,70.99,82.26,80.74,82.71,85.27,61.53,88.24,86.17,92.15,93.66,89.29,84.0,82.08,96.24,94.67,92.42,95.35,87.4,89.63,80.53
129,82.65,74.19,79.86,79.53,76.22,82.58,81.67,82.47,86.61,82.53,71.27,81.66,86.87,85.86,81.86,76.65,69.73,76.03,69.71,77.86,74.42,79.51,80.99,75.31,79.41,79.73,79.61,77.0,79.1,81.58,76.27,73.42,84.36,83.28,85.62,86.09,61.0,90.43,90.32,94.53,90.14,91.45,83.38,81.11,90.6,94.45,91.32,96.19,90.4,89.85,82.2
130,80.62,72.23,79.76,80.39,76.19,80.58,82.18,82.8,86.22,82.66,71.76,80.57,84.48,83.57,81.2,80.25,69.63,71.74,71.17,73.89,77.5,77.67,80.31,74.9,79.14,79.05,81.59,79.29,80.63,80.23,78.57,69.43,83.29,83.95,88.11,83.88,59.72,91.17,87.0,91.97,84.75,90.94,83.99,84.27,91.31,94.83,90.78,99.49,90.31,90.18,84.91
131,76.99,73.48,80.77,78.84,72.33,78.27,79.35,80.55,82.61,78.79,72.17,80.3,85.44,81.7,86.99,80.55,71.65,78.14,76.11,79.78,82.18,80.61,81.65,72.45,79.05,81.58,78.4,76.84,78.27,76.97,72.57,70.9,78.9,79.49,80.4,86.31,60.57,92.78,89.94,94.92,89.26,92.38,89.54,85.41,93.67,103.63,89.63,97.16,85.12,89.76,84.05
132,77.29,72.24,77.04,80.86,73.35,76.28,80.49,80.15,84.44,80.57,70.1,84.49,86.54,85.8,93.16,81.41,73.85,73.5,77.64,75.07,79.28,73.22,77.99,71.19,72.89,77.66,77.92,76.27,78.11,81.11,74.79,66.91,83.02,81.73,83.52,87.12,58.16,92.89,88.61,90.91,93.09,89.38,83.95,83.88,93.47,96.86,90.13,96.59,90.15,90.22,80.61
133,81.51,73.28,80.3,80.97,75.37,79.75,83.25,84.66,88.31,80.0,71.82,81.84,86.35,83.33,84.4,74.47,63.93,72.58,76.0,71.48,80.83,77.95,76.84,71.36,76.9,82.0,78.68,76.8,78.15,81.29,75.07,69.67,81.14,78.07,81.35,88.88,58.02,90.72,85.8,90.97,89.79,85.87,81.12,82.83,92.19,92.58,87.8,97.28,91.32,91.63,86.68
134,80.91,76.4,79.53,83.06,80.45,78.91,82.84,83.05,85.72,80.35,69.45,81.97,86.42,82.55,88.2,78.93,68.22,71.63,76.74,75.29,74.48,75.76,79.25,74.28,79.55,81.4,82.23,79.6,80.62,78.5,78.08,69.27,82.8,78.38,83.3,82.27,57.46,90.57,89.48,95.29,92.77,91.8,88.67,86.51,95.72,94.89,92.65,94.98,91.87,90.5,84.88
135,78.19,70.75,78.7,80.99,73.17,81.99,83.1,87.38,89.63,83.83,69.84,80.05,85.79,85.87,87.14,80.52,71.24,78.66,77.66,80.9,78.37,76.76,81.28,73.69,77.59,79.03,80.92,78.22,82.72,82.97,79.88,74.75,84.45,82.04,86.78,87.02,61.78,90.78,91.33,95.1,92.94,90.43,86.44,82.97,95.26,101.2,89.62,95.81,88.28,88.92,77.27
136,79.85,71.04,78.06,80.7,80.97,84.84,79.87,82.06,84.41,82.27,71.39,82.22,82.92,83.12,87.44,78.54,69.01,75.08,76.66,76.58,79.16,78.94,79.76,76.93,83.76,83.16,79.88,81.68,82.58,79.08,75.75,70.23,80.2,73.33,80.46,83.14,56.63,89.97,89.81,93.15,88.35,88.83,88.52,85.52,95.91,94.06,94.42,91.39,88.61,91.12,78.12
137,78.56,71.48,79.36,82.2,79.27,80.19,83.52,82.78,85.26,81.94,70.4,83.37,87.32,83.03,92.11,82.92,72.82,77.92,77.04,77.69,77.49,79.26,78.61,73.4,75.96,79.38,77.7,77.0,80.21,79.25,75.07,71.75,80.45,76.81,77.36,84.32,58.48,91.84,91.4,93.81,92.84,89.75,84.8,84.69,93.62,91.69,88.44,93.22,93.03,90.17,85.75
138,79.26,72.44,79.45,79.88,76.18,80.71,83.9,85.87,90.31,82.51,70.82,83.71,85.41,78.1,88.24,80.87,67.2,73.27,72.46,71.43,76.1,78.99,76.03,73.12,80.62,77.62,73.9,77.86,78.04,79.68,75.99,71.43,80.43,79.96,84.7,85.72,59.83,89.67,89.65,93.33,92.74,90.16,86.75,84.42,91.27,97.0,85.74,94.82,92.48,92.51,79.88
139,83.97,72.57,77.61,81.55,74.56,82.02,83.98,82.75,86.53,82.35,70.46,83.04,83.43,78.4,88.4,78.99,67.01,72.39,72.7,74.58,71.49,72.55,72.57,70.26,79.86,75.97,79.01,78.8,77.3,77.01,76.49,69.18,80.47,78.6,80.02,77.09,60.72,94.34,92.87,93.6,91.26,92.08,88.61,84.36,91.25,102.46,90.1,101.51,90.42,92.81,82.87
140,81.97,71.97,78.03,79.51,70.0,81.65,78.9,83.8,88.36,79.85,69.49,82.14,83.59,79.89,89.08,77.99,63.87,73.73,72.31,75.01,74.17,73.9,73.06,71.23,76.65,75.8,78.31,79.45,79.92,82.32,75.61,68.93,80.15,79.38,81.59,83.55,61.46,89.87,89.53,90.47,93.78,88.51,83.6,83.57,93.28,98.63,88.55,95.59,91.05,91.9,79.7
141,79.65,70.42,78.67,79.53,76.8,83.72,80.55,83.48,85.28,80.8,69.18,80.64,84.46,77.59,83.99,78.74,67.28,73.19,72.09,74.01,77.52,79.21,79.53,73.23,77.92,78.98,78.15,77.38,81.61,80.97,75.81,69.19,83.51,80.78,85.12,82.89,60.71,87.25,88.79,90.65,89.99,86.39,82.13,82.92,89.15,94.94,91.88,95.14,91.04,87.91,82.54
142,77.89,69.31,76.05,78.7,75.82,83.08,80.62,80.97,83.51,78.37,67.85,79.59,83.91,78.41,85.04,76.41,68.77,69.37,76.2,77.97,79.57,80.09,82.15,74.22,78.32,79.95,80.96,75.22,74.35,78.33,71.25,70.21,81.45,82.21,85.39,85.14,59.65,88.39,89.1,92.34,92.06,88.65,84.18,83.85,96.85,97.0,93.69,94.19,90.68,90.35,81.67
143,78.87,69.54,76.99,81.87,72.28,77.16,77.31,80.38,85.61,76.6,70.01,81.64,86.44,83.85,87.88,79.5,69.06,73.26,74.92,79.27,72.97,73.04,76.61,69.36,71.63,74.12,75.66,79.66,80.22,81.22,77.74,71.71,81.73,79.78,81.83,85.47,59.79,87.57,87.01,92.49,91.14,87.66,82.09,82.63,92.4,91.53,91.9,99.42,90.04,90.09,82.29
144,80.47,71.83,77.47,81.07,77.1,77.5,82.12,82.6,85.86,79.51,71.84,80.04,85.88,83.66,86.74,78.14,65.38,74.61,70.93,75.19,72.57,78.58,79.51,74.25,78.72,77.4,76.96,78.14,79.63,78.15,71.93,68.84,81.84,80.08,83.16,85.63,60.25,88.53,88.86,90.94,89.94,89.05,85.26,84.17,93.0,96.73,89.28,93.12,89.83,89.71,79.9
145,76.93,72.68,78.34,80.26,68.58,82.93,82.27,80.9,85.81,78.79,70.21,82.16,85.9,84.32,88.93,80.3,68.85,72.05,74.29,72.93,71.26,72.85,74.28,70.95,76.43,77.9,78.25,78.72,80.1,77.43,75.66,73.06,84.58,87.48,80.11,83.93,55.5,94.05,90.56,91.44,87.83,84.95,82.36,86.44,91.17,96.34,91.76,99.05,92.21,90.23,82.62
146,76.7,73.62,79.24,76.43,70.66,85.13,83.1,80.81,84.28,81.52,70.08,83.01,84.18,80.2,87.08,79.43,68.05,72.79,71.85,74.67,75.56,76.59,78.51,73.78,75.7,77.71,76.44,77.6,81.41,77.24,73.11,69.94,79.99,79.65,81.39,82.96,57.08,92.3,88.82,91.11,90.88,87.41,83.63,84.38,93.54,95.95,90.67,89.53,94.87,91.6,85.1
147,80.43,73.98,77.13,78.05,75.27,81.32,80.11,80.6,83.38,79.13,65.96,80.29,81.85,79.99,89.18,81.6,67.38,75.85,73.11,75.57,78.79,76.76,78.35,72.66,76.13,78.71,81.61,77.59,78.75,83.46,78.82,71.54,85.63,82.11,87.74,80.64,57.61,91.24,88.95,90.54,92.19,88.07,85.18,83.97,96.21,97.67,93.73,96.98,87.71,85.64,83.06
148,80.08,73.44,78.27,79.67,75.7,80.95,79.34,80.26,83.03,79.27,68.98,80.64,86.15,81.95,87.04,81.81,68.89,73.08,72.68,76.52,76.95,78.65,81.35,73.12,79.5,80.0,79.18,80.43,77.27,79.34,74.51,67.54,82.02,80.29,83.61,82.86,58.16,90.05,87.28,88.65,87.69,89.09,85.74,84.14,94.11,93.1,91.2,101.8,92.53,90.99,84.22
149,75.91,68.92,73.59,82.44,78.25,78.67,81.08,84.01,85.13,80.31,72.87,82.72,86.62,81.55,90.23,81.79,68.76,74.1,75.52,77.57,73.96,78.31,80.13,72.74,76.52,79.07,82.21,78.83,75.59,73.91,75.82,71.71,79.23,79.77,81.74,83.09,54.91,94.12,89.81,92.46,93.44,89.85,85.21,82.38,93.31,99.72,92.82,93.41,92.52,91.38,83.93
150,78.99,74.17,78.19,83.78,79.07,82.97,84.45,84.14,81.81,83.58,70.65,85.5,86.75,81.98,87.18,81.81,67.66,71.44,73.89,74.89,74.31,75.92,80.94,73.93,78.51,80.58,79.15,79.1,82.21,78.78,75.12,71.28,83.94,82.35,81.83,84.04,57.4,92.63,91.6,92.51,90.85,89.45,87.27,81.77,93.45,95.3,92.3,97.33,96.59,91.56,84.15
151,80.68,74.07,79.35,80.92,74.21,77.64,82.18,79.86,84.61,78.39,69.9,81.21,82.71,82.61,87.06,80.38,71.07,77.59,77.77,79.41,80.22,80.44,81.88,77.42,78.24,81.07,77.83,80.08,80.29,80.24,73.72,65.5,80.81,82.85,86.76,82.4,57.1,89.53,87.7,92.51,92.26,88.98,84.51,83.86,95.78,102.67,93.49,,93.91,89.64,85.79
152,78.24,73.75,81.28,82.37,74.32,75.81,82.02,81.67,83.33,81.16,71.67,83.21,85.61,83.02,84.05,82.85,71.13,75.19,77.75,77.45,77.64,78.14,77.52,71.93,76.18,76.99,75.49,75.38,79.06,76.94,77.88,69.39,80.18,81.94,88.03,84.43,56.21,89.24,85.68,90.78,88.25,89.07,83.18,82.65,94.59,97.21,87.69,,98.3,91.57,83.49
153,77.06,71.18,77.84,76.71,77.12,77.2,80.32,82.42,85.44,80.86,71.46,81.91,86.94,85.92,85.46,78.87,68.77,74.52,71.36,73.88,73.83,77.42,78.44,71.71,75.04,73.48,78.26,78.37,76.86,75.02,72.6,65.06,81.38,78.06,84.94,82.08,56.0,86.24,88.04,91.35,88.82,88.54,84.66,83.85,93.32,92.93,93.62,,88.85,92.85,79.04
154,81.5,75.1,80.68,83.68,74.91,80.15,80.96,78.26,84.79,79.66,71.75,82.69,83.91,85.59,90.53,81.78,69.4,75.4,73.97,74.26,75.64,74.82,71.66,67.57,72.57,75.96,74.89,74.86,75.7,75.08,71.23,70.95,81.89,79.16,86.16,82.13,56.71,85.93,85.12,90.79,89.92,89.12,84.12,81.71,91.34,94.87,88.52,,92.67,87.81,82.79
155,81.39,72.64,80.28,83.05,72.03,84.48,81.34,83.63,89.43,81.68,71.11,80.79,85.46,78.56,85.83,81.46,66.89,69.71,69.06,71.94,70.74,73.53,74.22,69.15,76.97,75.26,75.48,74.61,78.78,79.77,72.67,70.23,83.24,78.43,83.38,86.35,57.01,91.16,86.24,86.46,87.93,86.48,83.49,84.03,93.27,96.7,87.87,,93.95,86.84,85.31
156,80.99,73.58,80.5,83.67,78.12,83.6,81.4,84.45,84.99,79.68,69.48,81.68,84.08,81.0,83.22,79.75,66.64,71.28,72.31,73.74,71.55,75.05,74.07,71.31,74.71,74.58,76.07,77.28,77.39,76.6,77.08,71.49,79.3,77.86,84.52,84.95,56.54,89.76,84.96,88.59,89.71,88.52,82.24,81.93,92.93,93.11,87.97,,91.94,90.58,83.42
157,81.23,74.06,78.95,79.38,73.66,80.89,76.84,78.31,87.04,81.11,67.84,80.26,83.45,81.3,86.49,80.68,68.79,71.8,72.17,73.75,70.65,74.06,76.03,73.85,79.78,78.05,77.67,77.03,76.71,75.6,71.25,67.05,76.94,76.27,75.37,82.01,55.36,86.07,86.6,90.65,90.33,85.59,82.1,81.72,94.35,95.47,90.09,97.67,89.17,90.07,82.69
158,80.67,68.88,77.14,79.11,73.85,78.37,80.73,77.9,85.46,79.34,68.75,79.76,82.63,79.28,85.99,81.83,71.02,73.8,74.77,75.21,76.53,77.94,76.69,70.41,73.12,76.39,72.9,72.51,74.69,72.02,71.74,61.91,75.05,77.75,75.95,80.87,55.28,86.19,85.23,91.19,90.21,88.02,83.86,83.27,93.97,90.12,92.31,100.27,90.18,91.07,80.33
159,76.68,69.67,76.7,80.29,72.35,82.64,81.7,78.91,83.13,76.7,70.78,80.97,84.84,82.81,85.52,78.91,67.93,74.4,72.62,74.27,73.03,72.98,70.67,66.99,68.52,68.78,68.08,70.58,73.14,69.09,71.88,67.6,77.19,74.01,78.43,81.6,54.97,87.62,87.78,92.37,89.31,87.1,83.78,82.91,91.09,95.0,87.55,93.83,93.19,88.46,83.34
160,77.4,69.38,75.63,77.1,69.41,81.68,80.3,85.11,83.85,78.91,70.44,81.64,84.8,79.09,84.18,77.7,66.21,69.71,69.37,71.18,71.01,71.09,69.18,66.99,66.81,73.75,70.7,70.89,75.29,75.09,71.2,69.74,80.71,79.55,79.36,82.62,55.48,90.56,90.41,92.12,91.29,87.41,86.36,80.39,94.25,96.14,89.91,92.71,89.74,88.11,84.37
161,80.36,71.45,75.97,82.91,74.15,75.62,75.44,73.97,82.65,78.84,67.77,81.36,82.7,78.32,81.7,78.8,64.08,69.66,68.38,69.92,64.58,73.04,73.11,67.57,75.23,72.67,80.33,81.11,76.8,74.81,73.01,65.54,82.59,81.76,83.21,82.68,55.87,89.57,82.9,86.84,88.73,86.62,78.79,82.99,89.48,94.27,90.74,90.74,91.93,89.29,83.87
162,80.7,72.06,77.11,76.99,68.76,77.75,78.92,79.57,82.82,80.36,68.14,78.92,83.75,80.58,81.67,76.91,65.36,69.18,66.64,73.83,74.36,74.21,76.64,70.54,73.15,75.18,77.99,74.13,72.29,72.79,70.26,65.68,79.17,76.57,77.52,81.85,55.97,87.2,84.66,87.6,88.78,83.64,80.57,82.45,93.29,97.27,87.97,99.73,89.49,92.35,80.87
163,75.75,66.62,73.51,80.46,73.22,80.45,80.92,78.99,82.92,79.87,68.26,80.13,79.39,79.47,83.6,75.86,67.32,72.26,71.8,72.46,69.44,73.03,73.96,67.08,71.58,76.9,78.63,75.5,72.82,70.23,70.16,64.7,76.5,77.64,75.29,80.48,54.91,87.2,88.48,90.13,89.12,85.42,85.06,81.05,91.71,96.29,85.52,98.15,94.37,92.7,84.04
164,80.0,71.96,76.79,79.36,70.36,80.17,82.23,80.48,82.52,77.72,66.51,74.85,77.22,79.64,78.8,77.66,67.11,70.84,70.45,72.3,72.88,72.51,77.31,71.21,71.73,72.19,72.82,70.11,74.1,74.61,72.71,67.13,77.48,76.55,77.13,81.06,54.12,87.07,87.02,87.98,87.89,85.63,81.28,83.39,94.19,97.57,89.88,96.98,94.32,91.72,83.97
165,77.84,69.3,72.44,75.11,70.96,80.71,78.71,73.45,75.42,76.55,67.39,81.43,84.68,83.15,86.59,77.01,62.42,63.55,64.73,68.35,67.29,73.05,71.53,67.16,72.81,77.74,75.02,68.27,73.03,73.08,70.28,64.82,79.56,79.29,80.53,83.44,53.39,87.75,86.37,91.25,91.74,84.22,82.06,79.37,88.73,92.86,88.91,96.92,89.76,98.49,81.23
166,77.44,68.75,73.79,77.07,68.42,77.95,76.31,80.68,82.4,77.93,69.63,78.3,79.77,78.57,80.91,75.34,62.25,69.88,67.27,69.68,71.51,71.97,70.85,68.49,73.97,72.43,72.66,71.45,71.87,76.84,74.05,69.83,80.83,78.43,77.32,80.03,53.68,86.17,83.76,91.32,84.55,86.05,81.85,84.06,99.31,102.17,87.95,94.06,91.29,91.78,84.99
167,70.25,68.48,76.72,77.89,74.26,78.44,78.6,78.99,83.83,78.14,68.67,78.63,81.95,79.92,81.87,76.81,62.7,68.09,65.95,70.54,66.91,72.34,69.28,68.07,70.77,73.04,74.47,69.8,69.88,68.31,65.85,60.12,70.34,59.85,75.31,79.39,51.5,89.18,88.27,94.12,90.86,87.19,82.32,81.96,91.82,93.41,86.84,92.47,96.2,91.85,82.49
168,77.13,70.96,76.91,78.29,72.71,73.09,77.78,81.22,81.01,77.51,69.19,79.35,82.99,76.99,82.58,76.76,66.17,69.5,68.41,72.81,72.86,69.66,70.4,64.27,65.31,61.34,64.16,59.91,63.51,68.91,67.73,63.66,78.74,71.73,69.52,79.64,51.84,84.86,84.13,87.41,88.81,85.15,79.73,81.39,91.96,96.24,87.95,95.71,91.94,89.03,81.32
169,78.74,69.5,77.11,76.01,70.43,74.7,77.47,80.2,81.29,78.51,68.52,77.59,78.93,79.9,84.26,74.25,62.34,65.77,64.32,64.71,63.38,64.24,62.1,53.35,55.09,63.27,70.49,70.17,69.59,68.43,65.57,62.49,72.83,75.71,73.95,76.82,53.79,86.2,83.92,88.11,86.14,88.11,82.06,79.97,86.49,92.33,90.26,94.6,90.77,92.24,86.58
170,77.49,69.24,74.3,76.18,70.93,79.07,76.68,79.37,83.79,76.51,67.82,76.99,79.7,78.86,79.62,72.88,60.94,66.17,62.69,57.4,58.12,59.09,58.92,55.82,60.47,66.33,65.41,63.77,66.31,68.71,69.72,66.06,76.29,73.11,76.08,77.38,55.28,86.67,82.51,86.56,85.75,84.42,80.1,84.91,91.05,92.5,86.62,95.59,92.05,91.44,83.7
171,74.72,69.57,74.51,76.55,70.78,82.25,78.6,76.97,83.45,76.86,65.34,75.42,79.55,74.83,82.76,70.4,55.99,57.24,52.21,56.75,60.77,66.62,67.48,60.37,63.58,69.42,69.58,66.17,67.04,64.59,60.92,61.61,70.75,72.64,70.59,78.42,56.38,84.63,83.5,89.42,90.13,84.8,82.61,75.82,92.75,94.35,89.27,93.92,91.13,95.1,84.95
172,78.2,70.66,75.7,78.81,73.48,77.63,79.69,77.66,80.52,73.89,66.6,77.79,79.64,70.44,81.06,69.71,54.31,60.7,53.46,66.72,65.38,66.34,68.58,64.86,69.93,61.11,55.09,54.98,63.88,67.39,64.64,66.38,72.43,69.85,71.89,76.13,56.38,84.67,85.55,90.85,88.89,86.54,83.01,79.62,89.36,93.61,86.46,97.51,91.33,92.38,82.23
173,72.08,67.65,71.28,76.12,63.51,76.3,79.13,76.5,85.16,75.44,64.22,76.35,75.62,75.59,80.25,70.66,62.84,65.73,65.33,64.34,63.58,63.48,66.58,58.32,54.37,49.4,60.84,66.12,67.62,67.22,65.86,61.9,71.17,71.32,79.37,82.27,57.24,85.01,84.75,86.68,84.63,84.9,78.39,77.31,89.59,93.56,87.94,90.88,93.35,93.91,84.93
174,73.5,69.18,74.74,76.46,68.87,76.44,78.64,75.42,80.04,73.66,67.68,75.21,81.75,78.57,82.1,73.16,58.44,63.08,62.64,60.57,62.49,55.67,61.36,55.16,56.5,48.6,66.22,69.13,69.87,69.32,65.3,61.17,72.42,68.61,68.23,76.77,55.9,84.11,81.72,86.27,82.47,80.93,77.79,83.08,90.14,93.93,84.36,98.27,95.47,92.69,85.53
175,74.17,66.76,71.46,73.75,66.37,72.43,78.16,78.61,83.28,76.27,68.3,77.02,80.77,72.52,78.65,67.99,56.12,58.7,57.34,58.14,58.01,60.76,58.74,57.17,57.8,55.42,63.72,59.28,64.63,57.95,62.77,61.07,72.5,69.2,69.25,76.41,56.27,85.58,84.96,89.38,84.48,82.81,78.16,77.46,89.2,89.82,91.54,95.95,87.84,90.62,83.92
176,72.28,67.84,73.4,77.74,69.63,76.11,78.06,78.78,80.08,71.77,64.78,76.2,79.54,76.14,81.94,69.43,56.03,59.32,60.98,61.26,54.27,57.02,56.39,55.46,60.28,58.05,61.18,58.89,64.87,59.84,65.06,59.62,65.88,59.09,63.28,66.37,55.0,84.63,84.88,89.89,91.68,86.1,81.37,80.7,94.37,96.0,90.39,95.3,93.45,88.7,82.82
177,71.16,70.04,77.48,79.36,69.72,73.55,78.57,74.71,83.04,76.27,65.38,77.19,78.26,76.37,77.48,70.05,52.64,53.47,51.64,54.58,58.51,61.33,61.12,54.59,60.25,63.31,60.53,59.34,62.56,57.5,51.11,44.93,50.86,55.33,46.11,70.2,54.96,84.67,87.6,91.5,88.34,84.79,78.65,80.68,91.17,91.52,90.28,96.45,95.85,94.1,83.97
178,73.52,68.52,70.74,74.44,53.68,75.7,79.31,75.73,80.77,75.35,66.12,77.11,77.46,73.92,71.91,65.3,50.63,56.51,53.54,56.52,56.58,59.41,58.83,56.94,63.66,60.61,60.02,56.95,48.69,38.5,50.77,49.74,43.48,60.03,50.95,72.4,55.2,82.97,82.35,83.63,87.21,85.17,78.76,84.5,89.03,93.97,93.28,96.3,91.15,90.9,81.38
179,71.98,67.81,72.1,74.57,67.48,72.6,78.47,75.8,81.21,73.53,62.98,71.43,72.09,75.39,77.25,68.37,51.92,55.53,52.86,57.76,61.91,60.72,64.03,55.4,58.13,59.1,54.66,51.26,44.3,40.42,38.16,48.03,36.4,57.15,65.48,73.67,52.55,83.09,86.08,92.91,87.22,84.01,81.62,78.34,92.59,95.87,88.46,94.79,92.87,91.79,88.44
180,72.57,67.15,70.77,73.43,68.47,76.2,76.01,76.5,77.43,72.66,65.63,73.71,74.66,71.07,71.94,69.38,56.69,60.31,59.39,60.89,57.59,59.43,63.02,58.26,57.03,52.08,49.85,45.36,44.43,45.89,43.02,41.1,68.88,73.79,68.28,73.17,53.03,82.58,83.88,90.28,89.22,83.66,80.81,83.61,95.51,92.47,91.2,95.25,93.96,88.45,83.03
181,73.35,67.46,74.29,76.75,67.07,72.73,77.77,76.05,77.77,73.12,64.47,72.97,77.69,75.31,78.86,71.12,56.4,58.75,60.39,61.04,60.38,59.39,58.23,49.29,50.52,51.32,43.77,47.0,57.44,54.21,44.41,38.83,46.83,67.76,68.53,75.93,53.46,85.55,86.44,88.7,83.59,82.8,78.08,79.6,92.35,93.88,86.6,92.4,91.32,90.76,76.94
182,73.97,65.44,70.68,73.6,65.06,73.81,78.76,76.29,79.04,75.93,66.65,77.96,77.8,75.42,80.17,70.44,59.83,60.43,56.64,58.0,54.99,55.14,54.65,48.3,47.98,39.71,51.52,56.43,55.51,49.54,49.56,47.28,31.4,58.75,63.26,65.68,54.39,84.72,84.29,86.48,84.19,83.29,78.48,78.57,91.05,92.38,90.74,97.3,87.27,87.82,84.85
183,72.87,67.86,71.93,74.71,66.88,72.99,74.2,77.92,84.63,76.23,66.74,75.53,79.79,74.56,76.91,66.92,57.34,55.49,56.09,55.09,57.98,53.14,52.89,49.05,50.08,46.42,38.54,50.43,51.55,44.42,50.11,43.75,42.11,34.1,61.52,69.0,54.89,81.65,83.89,90.57,88.62,84.41,78.78,80.98,94.95,93.92,83.96,97.51,92.04,90.68,82.14
184,73.48,68.26,73.51,75.43,69.7,74.63,79.13,79.33,83.9,71.38,65.15,74.16,76.27,75.35,75.58,67.08,54.96,58.61,56.82,54.69,50.33,47.63,53.05,51.11,48.4,46.33,47.29,44.55,45.0,50.03,46.98,40.76,46.03,49.16,53.77,73.05,54.07,84.49,86.64,92.23,89.76,80.32,75.41,81.65,86.2,94.15,88.17,96.6,89.51,86.0,81.67
185,73.27,67.47,72.22,76.57,67.27,76.76,77.13,75.3,80.52,75.07,65.92,74.74,79.48,75.51,76.96,67.34,52.73,53.81,52.07,50.98,54.25,53.82,48.67,44.9,47.47,50.21,47.5,44.58,47.25,50.18,40.72,36.94,58.08,64.83,57.24,75.29,53.76,84.04,82.72,86.78,85.76,80.76,76.7,78.25,87.88,91.72,84.1,89.3,89.76,91.13,81.42
186,70.9,65.16,71.78,71.69,57.45,72.85,79.23,79.2,82.26,72.1,64.31,70.97,76.36,72.47,80.44,65.27,49.09,53.05,51.04,48.6,49.64,46.1,45.21,47.46,44.92,48.92,44.03,49.02,49.66,48.95,42.36,31.42,38.35,40.73,49.02,73.95,53.72,83.32,85.17,90.39,88.04,81.09,78.55,79.91,88.23,89.77,86.63,93.2,90.66,86.86,79.77
187,72.51,67.67,72.25,74.02,68.6,74.9,76.91,75.74,77.81,74.2,63.8,74.21,77.71,75.18,77.47,63.36,51.64,51.46,49.7,39.6,47.81,48.97,52.35,46.55,46.34,42.63,52.25,53.26,54.88,55.43,47.62,39.44,32.63,35.05,46.3,74.94,53.72,84.41,84.25,87.05,88.47,82.3,80.49,79.65,89.63,88.86,84.57,90.66,88.84,85.49,83.51
188,76.45,70.55,73.87,73.76,61.94,72.26,76.44,77.15,80.03,73.57,64.34,74.41,76.35,73.29,78.12,63.31,47.64,44.36,42.86,46.51,47.86,50.74,49.32,42.16,41.65,48.78,54.05,52.44,56.62,55.12,47.43,41.08,30.73,26.87,55.42,67.83,53.03,83.67,81.39,90.06,87.35,82.13,80.42,81.05,91.17,89.04,84.16,92.05,90.12,87.15,83.78
189,64.83,64.28,72.67,73.0,63.03,77.23,78.81,76.98,78.41,74.7,65.4,71.95,74.85,67.13,71.89,57.39,39.56,44.73,49.23,48.04,50.45,51.4,54.43,50.34,41.02,56.01,59.24,52.3,53.5,50.25,47.33,40.5,37.84,33.45,36.96,26.05,52.7,84.95,82.22,90.28,87.57,84.69,81.0,81.06,92.79,92.71,85.13,92.55,89.03,86.95,79.44
190,74.95,67.16,71.87,75.28,68.37,78.17,77.72,75.82,76.57,73.7,62.09,70.55,70.68,67.64,70.62,59.15,46.99,51.15,51.8,53.75,53.91,56.4,56.99,49.66,38.84,50.06,55.13,54.29,51.6,48.56,45.2,39.65,35.69,38.97,42.52,24.32,51.61,81.61,82.38,90.55,89.18,84.22,75.85,74.58,93.31,88.58,83.65,91.96,91.62,88.64,81.8
191,70.4,66.93,71.62,73.3,61.17,73.26,76.32,74.74,77.32,70.58,62.19,67.5,76.48,72.8,74.18,66.51,50.88,55.13,55.51,56.65,58.39,55.86,47.82,44.01,46.7,55.06,52.05,51.78,50.1,48.22,44.57,35.18,33.16,32.72,44.54,28.15,50.38,82.31,82.18,88.44,89.44,85.69,82.73,78.56,91.69,88.77,85.19,95.68,91.71,88.92,83.47
192,71.75,63.48,68.44,67.71,47.62,71.49,76.81,76.96,78.57,73.93,66.03,72.26,73.28,72.22,76.87,66.18,53.75,55.03,55.31,52.83,50.81,49.19,44.1,47.75,52.56,53.22,50.11,52.53,49.04,43.19,40.32,31.7,41.69,32.39,45.82,24.18,49.0,81.83,77.79,89.76,89.96,85.87,81.85,81.09,89.07,93.67,86.78,93.27,91.62,86.61,82.04
193,68.34,61.29,67.79,65.81,46.8,66.56,78.7,76.9,79.03,73.53,65.59,72.48,76.69,69.91,76.07,65.32,48.43,52.19,48.65,46.89,49.51,49.59,53.48,51.1,50.82,53.92,51.39,46.5,38.0,45.67,38.87,30.45,52.84,60.18,45.4,20.9,46.51,83.38,68.3,89.98,89.05,85.42,81.48,78.85,90.86,90.89,91.82,92.0,91.29,86.15,81.2
194,69.63,62.99,71.54,68.36,56.93,74.11,77.84,76.13,80.75,71.44,61.89,68.8,71.26,71.17,74.91,61.09,46.44,46.55,45.35,51.06,54.33,54.38,52.01,51.96,52.72,49.25,43.86,40.84,48.33,43.35,43.2,44.54,40.25,49.03,44.42,24.87,46.17,81.54,80.1,86.44,88.64,83.7,79.62,77.66,91.79,92.05,91.99,98.81,91.88,86.27,82.78
195,70.8,64.83,69.08,69.39,61.11,77.15,76.04,74.72,79.39,70.81,61.62,70.77,70.79,71.4,74.85,59.75,48.64,52.81,52.13,54.36,58.22,55.21,55.82,48.56,48.63,45.58,46.86,44.23,44.21,46.87,39.82,46.59,49.52,35.38,46.4,28.37,46.38,81.31,82.17,85.57,87.42,84.04,78.61,80.64,85.32,91.86,87.81,95.11,90.03,85.2,82.68
196,69.14,66.33,69.85,71.85,59.65,72.5,77.51,76.05,78.42,70.11,61.38,66.92,70.04,70.37,74.98,64.7,53.64,56.55,54.27,54.44,50.98,54.25,50.61,46.55,41.55,51.09,53.41,40.28,46.63,51.09,40.18,34.31,45.97,48.56,42.75,26.86,46.71,83.75,83.66,87.87,88.09,86.95,80.2,84.49,91.4,88.71,84.45,91.22,92.44,82.75,85.0
197,68.98,66.78,70.04,71.82,56.48,73.76,77.08,77.28,79.25,70.34,63.11,75.02,74.26,76.15,75.79,66.18,50.85,54.76,52.09,51.4,51.91,49.86,51.68,49.4,51.05,51.67,33.55,46.78,49.2,47.22,39.6,31.51,42.79,50.28,45.14,31.89,44.91,81.77,80.42,89.44,87.33,85.57,81.81,79.9,92.92,92.85,82.45,92.81,88.75,86.79,83.27
198,70.53,64.15,69.03,65.6,52.75,70.24,78.66,80.32,84.57,73.5,65.01,73.98,76.73,71.6,73.85,63.21,48.37,51.03,50.36,51.54,52.95,53.63,53.29,54.54,52.7,45.93,38.55,36.54,50.22,50.96,39.56,34.43,35.57,32.48,42.78,22.61,47.35,81.38,82.83,92.24,86.82,83.86,81.16,80.11,89.74,93.4,85.51,94.76,89.48,87.38,81.95
199,65.83,62.95,68.0,70.78,61.13,74.38,76.86,74.67,80.01,74.88,65.54,73.39,76.96,69.84,73.12,62.39,50.26,52.56,53.99,52.31,56.64,56.3,59.88,49.97,46.94,48.28,37.08,43.42,57.33,50.04,41.82,31.56,26.58,28.56,43.32,23.23,47.69,76.59,82.36,87.12,85.35,82.49,81.9,83.78,91.79,92.95,89.66,99.49,88.91,91.27,87.46
200,70.09,65.34,72.43,73.69,60.38,72.62,75.58,75.25,78.27,71.42,62.58,67.62,75.65,68.4,75.94,65.93,52.98,57.5,55.55,55.47,54.77,53.7,55.35,52.87,46.21,48.15,36.14,53.28,51.5,46.03,36.45,29.23,31.54,28.82,42.71,20.12,48.2,85.51,83.53,88.68,86.42,82.34,78.46,80.63,92.69,95.0,89.34,94.53,90.84,90.22,82.01
201,70.78,61.17,68.48,72.91,64.34,76.28,76.3,74.99,77.07,73.3,65.64,76.74,77.01,69.64,74.95,66.7,53.17,54.64,52.14,51.78,55.22,52.25,52.29,48.28,52.17,55.26,54.01,51.36,47.84,43.17,35.63,28.68,31.16,31.64,44.68,25.6,48.72,85.06,84.16,91.42,92.54,84.83,81.51,80.73,94.03,93.41,84.82,91.0,88.62,82.51,80.37
202,72.81,63.15,71.05,75.24,66.99,73.77,79.32,76.05,81.25,76.85,66.96,76.68,78.18,68.91,74.97,64.11,53.23,56.27,55.46,49.16,49.4,48.56,51.52,52.5,55.18,53.75,50.89,45.81,51.11,41.51,35.67,24.92,33.25,29.71,45.41,53.1,49.19,83.8,86.32,91.07,92.34,84.32,82.37,80.12,89.66,90.33,83.0,93.65,85.68,79.85,75.27
203,72.39,65.37,74.13,76.87,68.49,70.53,79.32,75.94,82.84,72.95,66.49,74.11,73.16,68.14,70.38,61.56,49.59,50.8,44.04,49.35,51.86,55.27,54.07,54.58,53.65,50.04,50.7,50.85,50.14,42.13,38.77,25.52,26.78,29.37,61.05,65.18,50.12,84.47,82.64,90.98,91.71,84.24,78.4,80.86,90.34,93.72,80.9,87.49,85.09,78.63,76.26
204,73.15,65.0,71.4,75.71,65.27,70.97,78.1,77.66,81.63,71.15,60.25,69.71,72.97,66.9,69.03,61.41,48.87,47.9,44.87,50.74,55.78,52.16,56.55,53.98,49.78,55.99,52.64,49.03,47.41,45.33,37.33,29.78,31.0,27.12,69.01,71.58,50.85,86.04,86.67,91.21,90.74,82.45,80.88,79.83,87.05,89.41,80.14,94.76,85.74,81.31,77.8
205,73.87,69.01,74.29,75.88,70.23,74.45,76.49,71.54,77.12,71.22,63.16,71.05,73.28,67.38,74.61,61.09,47.95,50.19,51.15,54.23,54.28,56.9,60.39,51.46,55.87,55.69,57.02,53.79,50.99,45.45,42.69,30.66,60.95,73.13,71.3,74.6,51.63,84.2,82.14,90.44,84.47,83.25,78.6,79.61,88.77,89.63,83.29,95.84,87.31,85.84,78.02
206,70.29,62.96,70.23,71.1,60.29,68.6,74.87,76.25,80.17,74.13,63.2,73.46,73.71,67.93,70.81,62.16,52.14,54.37,54.15,52.68,56.32,57.17,58.6,53.76,58.7,56.95,55.72,51.21,49.15,46.64,52.74,60.15,71.88,71.01,61.97,73.9,50.6,81.16,81.49,86.45,87.53,82.34,77.3,76.46,87.62,87.09,86.52,89.82,85.24,81.38,76.73
207,64.63,60.65,65.52,69.45,65.78,71.02,76.74,73.79,78.88,71.81,62.05,70.08,75.67,73.12,68.11,63.23,55.14,56.3,57.25,57.69,59.63,60.71,60.19,53.01,46.77,53.52,52.67,47.33,52.49,62.73,63.3,55.99,69.86,73.15,67.91,80.67,49.27,80.48,79.52,83.12,86.03,82.05,80.09,80.33,86.44,84.06,81.84,89.52,85.57,82.28,71.31
208,68.1,64.53,68.96,72.8,65.53,69.35,70.91,75.65,78.7,73.76,64.66,73.09,72.55,69.44,71.36,68.1,57.35,58.45,58.52,58.17,61.11,58.12,57.31,51.84,55.02,54.22,52.37,48.38,60.71,67.09,69.23,65.78,78.16,75.14,70.89,77.27,49.71,83.95,80.34,88.06,84.27,80.12,79.05,78.53,87.6,86.09,83.78,91.94,85.49,83.22,73.26
209,65.41,64.38,71.15,72.76,59.41,68.96,75.03,73.38,78.37,74.85,63.69,75.41,78.11,68.39,72.43,68.61,54.15,59.21,57.78,53.84,53.9,59.93,61.2,48.65,60.87,63.14,66.28,71.14,75.41,74.31,71.88,68.04,76.07,72.67,77.32,77.23,46.1,82.08,81.05,84.64,85.07,80.06,76.94,78.98,92.87,95.19,81.44,90.4,80.75,78.29,76.16
210,61.66,62.35,70.19,74.53,66.52,73.05,75.49,77.33,79.48,73.5,64.26,72.97,78.11,71.74,72.66,66.78,51.31,52.53,52.41,58.78,62.57,62.68,64.92,56.49,74.8,76.12,78.5,75.07,72.55,71.47,68.52,68.16,75.29,72.51,73.45,78.19,47.5,85.55,81.88,88.58,86.67,84.47,76.36,80.21,85.77,92.09,76.74,87.6,81.57,79.77,78.28
211,69.67,68.83,72.25,75.77,63.36,68.1,75.2,77.13,79.95,75.44,65.46,71.78,76.02,65.53,74.55,69.37,64.53,69.01,71.18,76.67,74.11,75.47,73.98,68.75,73.22,74.47,72.08,69.86,72.48,80.77,77.42,70.67,75.87,76.76,76.34,76.48,47.23,87.91,84.02,87.22,86.99,86.31,79.34,80.41,86.43,85.06,78.84,95.73,81.26,75.78,76.34
212,67.64,68.46,68.83,73.88,62.59,72.71,76.88,75.12,80.41,72.36,65.47,73.85,79.59,75.91,79.25,79.92,64.46,70.53,69.61,70.31,68.96,71.82,76.08,71.83,77.39,80.02,78.38,76.49,77.75,78.25,70.11,66.18,77.11,74.57,73.54,76.26,46.57,86.17,85.16,88.2,86.98,84.19,78.5,81.09,84.67,89.5,80.59,90.31,79.51,72.82,74.55
213,71.48,67.01,71.66,72.84,64.55,73.72,75.27,77.28,81.18,77.69,65.6,78.22,80.99,77.05,82.65,78.9,66.56,73.56,75.13,79.06,73.7,77.89,77.28,72.03,75.44,75.91,72.56,74.06,72.15,70.48,68.05,68.97,77.18,72.1,79.84,79.42,48.63,82.74,81.8,84.99,86.55,78.2,74.12,75.28,81.14,80.56,81.58,89.6,83.15,77.99,79.25
214,70.61,68.01,73.85,75.55,67.5,73.95,81.28,77.91,83.23,77.55,70.42,80.25,86.9,81.29,80.16,79.83,66.42,69.35,70.2,73.98,70.58,73.57,74.75,70.52,70.73,74.72,74.97,71.9,79.04,76.32,74.35,70.96,84.14,81.8,77.67,81.1,50.62,81.41,79.26,79.88,77.45,77.04,71.53,72.72,81.98,84.65,76.08,87.06,84.73,78.44,79.92
215,69.62,70.62,77.09,74.77,66.28,69.79,80.43,81.41,86.82,77.36,70.21,80.08,84.58,78.27,82.32,78.53,68.43,69.89,69.24,73.52,72.48,75.82,75.12,72.3,81.41,82.26,81.47,78.72,80.17,81.16,77.24,69.54,83.98,79.98,77.51,80.45,52.66,81.53,82.95,83.06,83.2,78.4,72.52,76.61,87.2,86.83,76.37,89.07,86.49,78.39,74.32
216,69.18,67.2,75.07,79.86,73.22,74.87,80.68,81.78,84.72,78.24,68.46,79.68,84.07,74.07,87.25,76.05,71.29,76.07,76.17,80.98,77.48,77.31,79.12,75.0,77.95,75.09,74.83,74.9,74.73,74.08,75.71,69.53,77.57,76.62,80.61,79.82,52.07,82.66,81.64,83.0,82.5,80.68,76.2,81.07,87.37,89.29,79.31,91.24,81.24,78.24,78.11
217,76.47,70.13,77.03,80.63,74.03,78.53,79.71,78.34,82.13,78.41,69.4,82.14,84.23,81.12,81.94,83.03,70.04,75.49,76.2,77.06,75.82,77.02,77.21,71.43,75.45,76.72,76.79,74.52,73.2,72.24,66.49,66.22,70.83,73.82,85.47,80.92,52.34,87.28,88.06,89.7,90.93,84.18,74.29,75.49,88.44,90.38,77.51,85.46,86.08,82.13,78.68
218,77.98,73.88,78.69,79.1,76.62,76.48,79.65,78.44,84.59,78.75,73.17,81.9,82.66,83.73,86.05,83.12,72.22,77.38,75.83,78.31,73.3,75.35,75.86,70.76,72.84,72.41,72.18,71.18,74.47,76.4,64.17,68.88,79.2,77.5,79.54,81.98,51.12,86.19,84.68,85.47,88.3,80.69,75.08,79.82,85.06,87.89,81.92,82.31,83.18,80.02,75.66
219,77.81,72.34,78.47,81.82,71.83,75.78,79.9,81.24,83.14,79.11,71.29,81.33,86.7,80.09,84.05,79.57,66.85,69.37,71.11,71.27,70.24,70.81,75.06,70.8,77.52,77.61,77.48,71.8,74.36,74.1,72.71,67.51,78.45,78.05,77.79,84.14,50.86,85.88,83.18,87.25,85.35,80.11,70.45,79.94,88.81,95.68,77.24,86.91,82.6,79.69,75.26
220,76.51,71.18,76.62,79.91,72.78,78.92,81.59,81.37,79.3,78.66,70.09,77.93,81.9,79.3,86.28,79.88,65.11,69.87,69.36,75.14,73.97,77.54,75.53,71.8,75.98,76.7,74.68,72.11,75.27,77.73,75.34,71.2,81.75,79.26,80.7,82.49,50.77,84.45,80.03,81.76,85.4,82.5,68.15,75.38,82.31,89.81,78.17,83.27,75.35,72.1,76.39
221,74.55,71.37,78.41,80.94,72.77,76.92,79.35,80.04,84.35,79.63,70.17,78.9,82.9,80.44,81.01,79.24,68.64,70.89,72.31,73.52,74.26,76.57,77.35,70.43,78.09,75.28,81.64,78.36,78.5,78.62,75.15,71.12,79.08,77.56,80.05,78.95,53.01,79.49,81.45,78.92,74.17,74.49,71.49,76.8,85.96,91.0,78.33,83.25,80.89,77.16,75.33
222,77.36,72.81,79.52,76.98,75.51,80.17,79.32,80.04,79.83,78.08,70.5,80.84,87.19,79.85,85.17,82.6,69.28,71.81,73.57,74.08,74.57,74.76,78.43,71.9,78.65,76.22,79.33,71.66,72.47,76.71,73.68,66.43,80.28,79.81,76.35,79.31,52.49,79.73,80.99,83.8,81.24,74.81,76.36,77.4,81.32,87.2,83.95,84.11,81.12,77.99,77.89
223,74.18,70.39,74.24,79.81,73.78,78.22,78.33,86.67,83.32,77.71,70.32,78.46,83.63,79.95,82.45,82.13,71.75,75.23,76.94,77.45,76.27,78.58,76.48,72.44,74.24,76.37,77.3,77.61,75.38,74.63,73.42,67.7,76.13,76.09,79.89,80.97,55.03,81.27,81.83,81.58,81.1,77.84,72.97,76.2,89.68,91.26,85.08,88.53,86.17,81.45,76.9
224,74.99,71.52,77.91,80.08,72.46,79.72,79.96,85.72,85.23,78.43,68.18,81.38,81.88,77.99,79.86,80.27,68.44,72.29,72.88,76.89,76.44,75.67,79.09,75.06,76.55,75.69,77.31,72.91,73.9,74.81,68.82,65.37,80.7,77.93,79.49,80.94,53.34,80.95,81.22,86.27,86.02,81.67,75.68,77.8,80.03,89.96,83.25,84.68,85.75,80.03,78.58
225,77.41,72.21,76.64,79.2,72.52,78.89,79.27,80.91,81.83,76.6,71.85,77.4,83.6,79.48,82.52,83.92,70.01,75.59,75.87,75.29,75.04,74.37,74.78,69.56,73.95,76.97,77.3,72.58,77.1,74.54,70.45,65.64,77.84,77.26,79.73,81.59,50.24,86.01,85.61,87.92,81.93,78.65,77.01,76.7,82.16,83.41,82.92,88.97,83.95,85.22,78.56
226,74.08,67.97,76.56,80.58,73.64,79.07,78.56,77.67,82.95,80.55,69.02,78.95,83.95,80.92,84.01,81.75,68.48,74.29,75.44,75.91,76.33,78.68,77.52,69.6,74.14,76.96,77.5,73.75,77.54,78.97,71.39,63.1,75.01,77.28,77.1,79.65,49.53,86.11,86.5,86.51,83.59,82.28,76.74,78.78,84.52,88.52,83.66,93.21,87.8,88.26,81.0
227,76.43,71.4,78.87,80.23,74.98,79.74,81.43,80.31,81.42,76.63,69.84,79.91,83.77,77.36,81.54,81.01,70.44,69.75,72.14,74.58,73.34,75.14,77.7,72.91,78.3,73.41,75.23,69.17,72.72,72.42,74.81,70.34,80.58,78.32,81.13,81.72,50.12,87.97,85.78,86.61,82.05,79.68,80.06,81.68,92.31,97.51,85.17,89.06,86.81,90.63,82.28
228,76.03,73.74,78.0,80.8,75.57,78.92,79.67,76.31,79.1,79.95,71.1,82.77,83.94,77.41,82.29,80.76,70.59,72.64,74.88,75.86,72.5,76.54,75.27,73.68,74.3,76.34,77.73,78.2,79.69,77.6,72.37,70.63,80.62,75.41,79.15,82.88,50.05,87.85,87.07,94.27,84.17,82.61,79.22,80.72,87.87,92.51,88.0,92.04,92.19,93.87,88.12
229,75.84,70.12,77.04,78.29,74.42,77.21,81.02,78.33,82.19,79.6,69.97,80.06,83.53,78.12,82.75,82.94,70.89,74.83,74.65,75.06,76.39,76.56,79.08,74.33,77.07,80.39,78.85,78.44,80.0,78.44,75.53,70.26,79.03,76.03,81.56,81.73,50.26,87.16,82.83,86.98,85.33,80.71,79.26,80.0,91.0,97.84,88.97,90.68,92.35,88.42,79.19
230,77.32,72.75,77.42,80.81,71.68,78.12,81.36,77.63,79.58,80.67,68.52,81.34,83.85,79.14,84.65,80.81,68.31,74.37,76.46,78.86,77.84,81.32,81.3,76.99,79.97,76.95,76.54,70.32,77.85,76.56,73.93,70.12,76.74,74.39,82.4,83.34,51.12,85.34,81.62,82.63,81.77,78.85,69.81,75.38,89.41,96.9,84.18,86.07,89.84,92.57,80.92
231,78.14,73.86,77.14,79.06,72.42,75.31,80.77,76.71,79.78,81.28,72.04,80.64,90.02,85.68,85.23,81.25,67.47,76.5,73.78,76.74,73.35,74.12,76.76,71.48,75.68,80.13,80.1,78.42,77.51,77.6,71.25,70.26,75.83,73.47,79.33,75.51,51.11,85.39,84.25,90.41,89.34,83.69,78.88,82.28,84.21,88.43,83.42,90.3,94.37,94.93,84.53
232,77.86,71.82,77.92,80.14,77.61,76.79,81.31,76.02,80.79,78.97,70.55,80.23,82.59,78.53,80.34,83.11,71.15,75.75,76.28,78.33,78.34,77.33,78.34,71.9,77.24,78.77,73.97,73.49,68.99,70.11,66.99,69.4,80.01,77.55,82.55,82.43,52.21,86.63,82.29,81.15,80.41,80.33,78.62,76.55,80.73,81.22,85.57,91.59,92.92,87.0,89.33
233,76.55,70.67,78.34,82.17,73.99,76.15,78.83,79.34,82.58,81.6,70.75,81.94,84.04,79.41,82.15,78.68,67.93,69.26,72.33,75.66,77.83,77.54,76.86,75.18,73.17,79.72,79.18,77.88,76.59,77.88,73.57,68.18,80.8,79.03,79.15,80.02,52.85,80.1,77.41,78.2,81.55,79.98,75.07,81.15,84.9,84.75,84.01,89.16,86.13,83.02,74.68
234,73.37,72.11,76.97,82.47,78.81,75.06,80.76,79.88,80.18,80.57,71.14,80.55,84.22,78.88,83.68,83.58,68.6,74.12,73.04,78.19,78.14,79.11,80.07,76.41,79.65,74.43,72.43,75.26,78.72,73.76,75.81,69.13,80.35,80.07,77.78,81.99,52.05,84.12,77.43,78.96,74.78,77.35,79.17,80.89,82.21,91.71,87.63,86.48,87.27,81.37,76.11
235,79.43,75.92,80.95,78.06,73.41,72.59,78.23,81.09,82.87,80.37,70.91,79.21,83.71,78.75,84.56,82.79,70.64,75.17,75.41,76.4,74.78,74.46,72.38,73.21,79.3,80.05,79.86,79.36,81.93,82.21,76.39,69.74,82.03,84.0,75.82,75.42,50.86,80.1,78.25,80.23,75.39,74.89,76.84,71.91,87.68,85.52,82.21,86.28,92.1,76.33,79.16
236,74.19,67.83,75.77,80.25,78.44,76.19,81.11,79.47,84.43,82.99,71.52,83.62,82.65,80.39,83.43,80.02,70.58,73.14,73.85,75.3,73.73,75.65,82.18,77.1,79.33,75.79,78.18,78.58,76.17,76.07,72.5,63.31,75.99,82.29,76.32,76.58,49.46,78.78,78.66,80.17,77.25,73.4,72.09,72.9,80.68,83.2,85.49,85.32,85.57,81.22,77.27
237,76.77,73.87,76.3,78.24,77.26,76.72,81.66,80.28,81.39,81.52,71.34,82.31,83.52,79.02,84.36,80.73,69.11,75.81,75.9,78.65,77.76,79.05,80.51,74.66,77.33,77.59,78.56,78.54,76.69,75.11,72.28,64.73,76.86,81.56,77.83,75.92,49.94,78.76,78.26,82.85,77.64,71.82,65.79,71.01,82.51,86.06,86.5,87.61,85.16,83.63,77.89
238,78.11,75.22,78.74,81.34,78.02,74.96,80.49,81.85,80.44,81.7,70.64,79.56,86.65,77.24,83.41,83.58,70.85,76.56,75.27,80.18,80.09,81.35,82.87,77.63,79.09,81.15,77.33,72.28,75.48,76.91,71.98,68.44,77.2,77.62,80.8,77.04,50.82,81.68,82.89,81.07,76.96,72.02,74.0,75.13,89.09,88.92,87.25,89.82,89.18,88.46,81.65
239,81.62,76.26,84.07,81.8,76.88,76.2,78.47,78.1,84.21,79.83,72.01,81.91,84.66,78.35,82.36,84.27,72.71,78.17,75.05,79.4,72.66,75.84,75.59,73.38,74.38,72.86,76.62,73.34,74.77,73.26,70.94,66.6,80.21,85.76,82.42,79.46,52.82,85.73,80.76,82.61,84.86,81.86,82.51,84.97,83.33,91.4,90.41,87.19,96.23,89.7,83.56
240,75.53,71.65,79.31,78.45,79.43,75.53,80.64,78.06,79.64,81.3,69.43,76.82,86.7,75.0,82.34,75.94,64.65,68.9,71.41,73.6,74.63,74.33,78.25,75.53,78.43,78.34,77.76,80.51,81.14,80.36,80.91,71.77,82.27,81.81,78.94,78.74,50.56,86.0,81.79,81.89,86.06,83.88,74.38,77.95,85.72,86.29,88.03,96.45,91.45,92.06,81.35
241,81.3,72.77,80.53,84.04,79.0,73.72,77.88,78.72,81.28,79.11,69.17,82.54,84.14,79.95,83.09,82.72,73.15,79.0,76.88,81.69,81.07,82.91,84.44,81.54,81.92,84.63,78.48,81.82,82.96,81.31,75.93,70.45,79.05,79.16,73.6,74.26,48.27,82.24,83.14,85.42,83.58,81.38,76.64,78.22,85.9,88.33,86.59,88.56,91.37,89.44,74.24
242,77.04,70.46,78.07,79.68,72.77,70.96,78.74,81.84,84.69,81.81,74.82,82.87,88.54,79.5,82.58,84.03,70.38,79.05,80.62,82.75,82.79,81.56,81.41,79.67,79.0,81.2,76.14,74.82,77.26,73.48,71.03,68.36,73.02,75.98,77.63,73.76,49.35,83.25,81.55,83.37,77.45,72.59,59.93,75.78,85.65,89.38,88.11,86.56,89.89,91.71,87.39
243,78.1,72.55,79.27,83.07,78.71,75.25,78.82,80.98,80.73,81.98,71.4,83.14,87.16,75.85,81.94,82.47,70.07,75.31,76.24,79.08,79.58,78.84,77.44,71.67,76.73,76.3,77.0,76.22,76.12,74.59,74.21,72.25,79.64,74.97,77.47,76.12,49.91,86.43,78.84,83.79,79.69,73.82,66.32,70.19,85.15,87.81,85.72,93.63,93.54,92.6,80.16
244,86.46,70.73,76.78,83.15,78.02,77.67,81.34,78.12,81.18,81.8,71.3,80.41,86.3,79.61,82.07,83.6,70.95,74.88,76.01,77.02,79.36,80.15,77.03,74.57,77.26,77.14,75.7,74.49,79.05,81.27,76.73,72.03,85.53,85.72,77.74,78.44,49.31,77.97,74.74,84.25,84.47,76.12,72.07,78.12,83.05,82.91,90.98,94.91,90.47,92.97,89.22
245,79.97,61.24,50.95,84.89,79.6,75.84,76.65,78.24,81.03,80.23,69.75,81.09,84.86,78.46,82.18,81.75,69.77,76.63,76.55,77.76,76.91,79.81,76.42,73.98,78.65,78.3,72.43,77.54,80.7,82.86,70.46,68.98,78.72,80.97,73.44,78.26,52.32,79.46,76.42,83.2,83.74,80.16,77.35,76.15,89.39,84.0,83.48,97.83,92.43,88.51,84.65
246,76.88,73.36,79.89,81.96,78.77,73.35,78.34,80.96,82.04,79.28,73.29,84.8,87.05,82.57,82.99,85.51,71.25,76.81,78.83,79.09,77.31,79.08,78.32,72.38,77.43,75.95,68.85,76.56,73.94,73.64,74.49,70.8,78.87,81.48,77.15,79.51,48.52,81.28,85.24,85.62,86.05,82.44,75.85,78.0,83.21,86.22,88.91,93.81,97.12,89.43,90.0
247,78.4,73.87,79.21,81.83,73.38,70.95,82.66,81.91,83.32,81.23,72.45,81.17,78.2,75.85,77.39,79.87,68.1,73.7,74.13,76.9,76.62,76.1,79.39,72.96,77.54,81.87,73.37,80.79,76.28,77.1,70.79,68.65,78.86,78.64,79.82,79.07,52.11,81.8,82.8,85.87,82.01,79.11,72.48,74.9,85.26,82.53,88.73,83.39,93.27,92.27,76.57
248,82.9,55.73,79.49,82.78,78.76,73.44,83.35,78.98,79.74,80.11,69.69,78.61,92.1,77.48,82.97,81.16,69.66,77.92,77.03,78.48,75.46,75.69,80.92,73.52,75.88,80.51,71.94,76.22,77.68,82.02,73.49,66.26,80.99,77.95,73.07,79.59,54.57,84.34,83.19,85.59,84.77,82.39,76.3,74.01,78.63,82.97,84.21,103.72,94.02,92.15,83.52
249,83.28,73.34,80.08,79.43,78.73,75.26,79.27,80.76,79.61,82.79,72.22,82.09,90.89,80.21,82.57,80.38,67.5,71.99,72.28,75.05,75.6,75.3,74.67,73.85,76.68,75.66,77.97,76.46,72.94,72.32,76.25,68.19,81.71,82.87,82.72,80.94,55.33,86.1,84.3,88.38,85.25,81.93,68.77,60.29,78.84,81.04,86.16,98.67,95.27,86.36,76.11
250,77.66,71.01,74.55,81.0,81.91,84.33,75.97,84.06,84.02,82.46,73.5,79.75,85.05,78.76,80.87,83.55,66.17,74.56,74.76,78.2,75.22,79.78,74.84,71.82,80.0,76.5,81.71,79.87,79.89,80.04,77.32,70.5,85.29,81.81,87.42,86.2,52.95,83.42,82.58,84.03,83.09,82.01,66.21,65.05,80.33,84.56,81.86,90.5,92.75,90.45,83.84
251,78.41,66.49,77.0,80.95,76.8,79.15,76.28,80.65,77.61,78.3,69.96,82.91,86.91,81.52,81.01,82.61,71.47,78.91,78.32,80.77,81.72,80.07,81.18,82.81,80.33,84.88,83.55,80.4,79.4,78.19,77.9,70.05,74.57,76.74,79.0,83.23,50.16,86.89,82.77,86.15,85.65,82.54,71.79,73.6,82.12,86.89,90.67,101.58,88.14,92.24,80.83
252,79.23,68.26,79.83,76.93,78.78,76.44,77.12,80.32,79.33,81.91,71.3,84.3,85.41,81.38,89.64,80.79,71.0,79.41,77.69,80.29,80.46,82.68,80.53,75.1,78.52,80.63,76.06,77.68,78.55,78.0,76.79,71.86,81.53,81.32,81.78,81.37,51.62,84.65,81.16,83.23,84.97,79.45,75.58,74.23,89.46,89.55,87.44,98.94,90.96,89.41,84.43
253,74.67,61.37,79.85,84.24,81.7,77.79,80.88,79.42,82.2,79.22,73.24,82.77,88.06,84.14,85.81,80.29,69.24,77.66,77.31,78.17,77.65,79.77,75.02,76.54,79.52,81.53,83.26,81.43,79.33,79.19,77.4,69.72,81.11,83.62,82.14,85.38,52.39,85.16,84.3,88.33,83.26,76.34,78.7,74.75,83.34,86.08,87.1,93.89,88.0,86.66,88.39
254,73.09,70.09,82.54,78.58,77.26,79.8,80.96,81.47,84.64,84.3,70.8,86.27,91.31,83.08,85.34,85.68,70.2,75.22,77.35,78.55,77.61,79.26,80.49,71.28,80.11,79.07,79.07,82.08,80.03,77.65,76.48,71.85,85.07,83.64,78.76,84.53,53.96,82.45,84.17,85.85,88.23,80.86,80.18,78.62,89.21,89.04,83.67,90.92,91.41,87.41,86.64
255,84.09,75.69,79.14,81.48,74.8,83.11,78.9,84.43,83.34,80.58,72.38,82.15,89.75,82.22,86.34,80.56,71.53,76.89,75.74,80.99,78.08,79.73,81.42,76.12,81.04,78.85,77.17,76.61,71.36,70.76,68.79,65.07,75.78,82.43,81.8,84.58,53.94,83.44,84.88,92.18,91.71,84.43,80.39,83.65,89.95,91.67,86.27,96.5,103.17,96.62,89.16
256,81.7,71.14,78.03,79.4,75.87,74.73,78.8,83.09,85.56,82.03,70.67,82.8,86.31,82.83,84.49,79.95,69.09,73.69,74.56,74.49,74.92,73.96,73.8,72.36,75.1,75.19,75.96,76.78,82.04,81.19,79.19,74.88,85.91,85.26,85.74,87.59,55.21,87.76,86.7,91.91,87.01,87.18,82.48,83.7,91.11,97.25,89.85,95.64,89.67,89.48,83.32
257,82.34,67.74,71.27,71.93,42.92,61.68,79.24,82.81,87.04,79.38,69.99,83.25,85.82,81.66,82.5,80.38,68.55,75.14,73.22,77.11,78.01,77.65,80.3,77.41,82.56,82.62,83.74,82.63,85.89,83.96,78.96,74.43,85.44,85.0,83.84,85.17,57.98,90.0,88.76,90.22,92.33,87.14,86.25,86.0,93.42,96.87,86.23,90.11,86.92,95.95,86.24
258,81.93,65.84,71.29,63.03,40.74,65.24,77.78,78.66,84.1,80.77,72.71,86.48,90.72,89.85,90.58,84.94,72.58,79.87,80.08,80.9,82.26,83.43,82.73,77.21,85.82,84.22,87.01,85.26,84.12,83.33,79.69,75.6,83.71,82.53,85.59,88.72,57.04,89.02,88.79,93.12,91.12,90.46,84.7,85.81,86.76,91.79,88.34,94.24,89.21,88.06,75.73
259,74.58,55.39,64.33,67.28,43.18,56.81,79.46,84.31,89.5,81.49,73.65,81.65,91.51,85.44,90.79,86.38,73.45,78.86,80.84,83.35,84.7,84.91,83.49,80.42,84.93,84.99,86.42,83.42,82.05,83.22,79.84,74.59,84.79,83.59,83.64,88.21,55.42,85.07,87.18,89.36,87.56,85.25,81.77,83.67,89.45,95.07,91.27,89.41,89.96,88.15,82.29
260,69.26,59.24,71.84,69.71,42.25,37.75,80.56,88.23,89.6,80.62,71.42,84.41,89.5,81.79,93.31,84.86,70.54,79.73,78.36,82.27,82.32,81.6,82.33,78.71,83.82,85.69,81.48,79.41,78.16,85.34,78.86,72.11,82.46,79.47,83.64,83.98,58.83,88.88,86.69,92.55,89.4,87.31,81.4,85.07,89.31,101.1,89.44,89.9,90.87,88.57,94.75
261,73.86,61.38,64.6,65.17,46.11,70.67,80.61,85.96,83.25,84.86,73.32,84.86,92.06,86.47,86.54,82.77,74.06,78.99,80.13,81.53,78.56,78.44,81.32,64.16,78.45,79.29,79.12,77.76,79.23,78.52,78.14,71.73,84.62,87.1,85.24,90.48,58.77,93.1,89.97,91.68,95.02,93.22,83.22,84.11,93.87,94.91,95.85,92.21,94.16,91.9,77.5
262,69.06,55.25,63.0,72.66,64.5,70.46,82.76,83.73,90.49,82.55,73.51,83.21,87.39,82.63,88.19,79.18,71.78,73.78,75.07,77.42,77.69,78.24,80.3,75.86,77.08,81.51,84.54,82.74,86.25,87.33,77.96,71.15,84.9,86.71,82.58,78.6,54.38,90.99,86.33,93.55,89.94,84.4,84.07,86.15,91.78,94.81,86.72,91.75,93.38,85.28,87.06
263,73.02,61.27,71.59,71.24,50.62,79.87,79.73,81.98,81.92,82.37,70.7,83.44,91.91,84.17,89.32,85.59,70.41,71.57,75.18,74.8,86.26,87.03,84.46,80.84,83.31,83.21,84.63,84.62,85.05,83.18,82.12,76.79,85.41,81.68,84.48,88.62,55.41,88.43,91.76,90.59,90.64,85.24,80.27,79.86,91.38,93.1,94.1,94.24,91.0,90.35,88.5
264,70.05,62.82,71.27,71.68,48.24,69.98,82.53,81.05,83.39,81.73,73.0,83.49,85.29,87.03,91.2,84.6,73.15,79.03,80.08,81.8,82.49,84.44,84.83,80.25,85.22,85.82,86.79,85.83,85.14,83.42,83.4,77.08,87.93,87.52,86.66,86.45,63.78,88.03,85.23,94.23,92.17,86.39,87.93,85.18,93.7,97.0,94.36,92.69,88.82,92.84,81.57
265,73.15,59.98,64.86,66.53,42.9,77.68,83.9,88.4,89.67,84.6,75.94,84.58,89.37,86.65,90.92,86.62,76.19,83.6,85.01,85.71,85.16,86.59,85.46,78.4,85.98,81.1,84.68,85.56,85.86,82.7,80.09,75.72,83.67,84.01,84.02,87.46,59.2,88.91,91.31,93.6,94.29,91.0,89.91,85.29,90.08,95.65,91.66,96.1,97.72,109.79,77.91
266,75.06,63.58,72.53,72.38,67.51,76.59,83.45,85.77,92.67,84.61,75.73,87.73,91.99,84.46,91.72,84.73,74.09,77.93,81.64,82.7,82.29,84.52,83.03,79.23,85.1,84.69,84.36,84.19,83.72,81.91,80.16,74.98,85.26,84.87,85.28,89.21,58.53,85.78,89.68,93.98,91.61,88.42,83.12,88.64,91.24,97.85,91.35,91.62,90.79,89.1,87.73
267,75.47,71.45,78.52,78.93,70.6,81.41,81.12,87.4,86.0,84.15,70.03,86.63,91.54,88.91,92.1,83.29,71.79,80.18,79.16,82.0,82.13,82.67,84.21,80.29,83.18,85.33,84.53,82.12,83.26,83.8,81.29,72.84,86.45,87.01,78.13,87.52,59.86,91.96,92.16,98.08,96.15,93.82,86.48,88.84,94.88,99.76,89.35,96.39,93.1,86.19,83.7
268,78.24,71.54,74.98,78.53,70.95,74.77,79.47,86.85,87.78,80.79,73.01,84.0,85.21,86.53,90.0,82.64,72.91,79.95,81.32,84.66,81.38,81.54,82.15,80.73,81.61,84.27,84.2,82.98,84.12,84.79,82.26,75.15,88.56,86.57,88.45,93.27,61.71,94.57,89.0,94.58,89.96,88.57,82.1,84.02,91.04,94.59,94.5,95.71,93.18,86.36,84.73
269,74.46,71.07,72.67,76.67,62.79,83.28,82.78,82.6,83.42,84.1,73.0,85.71,90.84,84.33,91.0,85.34,72.21,79.16,79.86,83.6,84.94,83.82,85.95,84.15,85.86,85.77,87.64,84.6,85.67,82.61,72.55,67.12,77.18,73.51,74.36,83.04,59.32,92.97,90.77,93.91,91.84,90.36,88.41,82.04,94.82,94.55,89.1,94.77,87.6,81.15,70.89
270,74.79,70.49,75.5,73.75,68.52,78.4,83.54,83.0,84.97,80.71,73.75,83.48,88.31,87.84,95.27,88.14,72.93,76.13,78.5,81.68,86.13,84.98,80.95,75.15,80.21,80.81,71.95,73.18,72.61,68.4,69.32,64.64,73.35,75.2,81.84,88.37,62.57,92.57,92.31,97.74,93.7,92.05,87.3,85.4,92.12,90.67,84.96,90.03,90.62,82.7,81.74
271,70.45,65.44,72.54,76.6,59.92,82.22,87.94,81.69,88.13,86.46,76.21,83.95,92.28,86.52,87.28,78.69,69.86,77.12,74.33,74.0,70.29,72.63,65.19,61.31,66.2,70.76,73.43,73.01,77.23,76.08,72.47,68.89,76.8,76.26,76.28,86.9,59.89,87.15,90.71,94.21,93.85,89.88,81.95,81.79,93.57,94.14,91.51,91.36,89.43,93.0,81.6
272,76.6,65.87,71.75,77.73,66.49,82.14,84.59,83.32,88.6,82.6,75.69,81.01,88.65,85.16,88.84,79.56,66.68,63.02,63.13,61.24,58.28,66.31,67.86,67.03,82.0,75.86,78.61,83.52,72.39,69.39,66.72,67.34,75.01,75.36,82.46,88.56,62.26,90.4,88.68,92.0,89.33,85.1,81.91,85.97,87.55,94.22,90.15,96.55,93.94,86.86,94.67
273,78.1,71.38,77.43,79.22,69.88,79.72,86.0,84.69,87.18,80.83,71.76,83.6,87.95,85.45,92.04,69.29,62.51,65.01,65.28,74.59,79.32,73.86,77.14,75.36,78.97,78.51,75.37,68.35,71.99,73.21,73.14,67.25,81.0,80.02,78.43,90.59,72.12,92.12,93.13,96.27,94.75,90.34,91.06,88.46,90.38,104.88,92.32,98.0,91.2,108.9,88.9
274,76.51,69.53,76.06,78.5,72.74,77.29,82.22,85.16,87.93,81.18,74.53,85.33,88.44,86.12,90.81,76.75,68.4,70.91,70.45,72.75,76.82,79.51,78.33,75.15,79.26,76.31,77.83,76.19,71.04,69.96,67.57,65.55,81.27,79.24,77.3,93.05,66.18,95.86,91.08,99.16,92.79,89.6,92.17,89.64,92.49,96.44,94.2,99.1,90.1,88.56,88.69
275,76.52,69.51,75.16,73.11,70.02,74.25,84.68,83.06,86.63,85.34,72.28,81.33,90.0,86.79,92.89,85.29,71.2,80.83,79.59,79.2,80.21,77.67,70.63,67.73,75.94,71.48,75.7,76.83,68.73,70.97,77.36,64.78,86.45,81.42,87.45,91.43,61.57,95.46,92.49,97.62,96.05,95.44,84.86,83.89,95.9,101.0,93.47,96.55,102.06,89.73,82.2
276,76.88,71.64,76.63,77.88,71.09,76.64,82.69,85.72,87.1,85.09,77.37,86.62,91.41,87.32,94.26,82.28,67.45,76.03,73.35,79.79,74.91,73.72,74.02,76.81,79.41,79.51,77.15,71.41,79.06,77.24,75.05,72.12,82.47,80.78,85.08,89.31,55.43,93.0,92.86,91.96,89.75,85.56,83.77,81.26,95.2,100.27,89.54,96.4,100.04,96.56,77.67
277,75.47,72.75,75.06,72.75,71.04,85.35,86.36,82.73,91.0,83.7,71.91,85.58,91.58,90.18,91.94,85.09,70.14,73.6,74.32,77.78,76.62,79.36,72.51,75.95,75.79,76.16,78.09,72.67,76.95,74.76,75.76,71.26,84.24,78.06,87.23,86.53,63.82,95.3,90.0,98.02,95.13,91.62,87.44,83.12,90.41,96.33,91.0,89.23,93.44,93.2,95.2
278,73.29,65.87,77.52,82.3,69.83,76.96,84.72,88.14,84.91,84.0,75.64,83.62,91.77,89.09,92.68,80.12,69.39,71.54,73.68,77.92,80.29,79.39,76.12,74.77,80.12,77.56,80.79,75.19,82.32,80.9,77.16,75.16,82.93,77.12,81.68,86.88,64.37,95.17,89.0,100.02,101.08,97.05,86.67,86.0,92.9,97.25,95.9,90.65,103.59,86.55,94.94
279,74.21,65.97,74.07,76.19,73.8,80.68,84.27,86.07,94.25,86.2,77.63,85.11,94.09,83.03,89.69,80.58,71.82,81.84,78.07,82.85,85.21,87.21,82.25,84.1,88.96,85.02,83.05,78.43,80.08,75.73,79.73,65.88,72.46,71.82,80.0,92.3,62.38,91.2,93.62,96.14,97.58,94.16,90.42,84.51,94.29,103.82,101.0,90.37,92.13,94.31,81.17
280,78.96,71.69,77.36,79.62,77.0,79.33,85.04,86.16,93.64,86.73,78.07,85.68,93.11,86.41,94.77,88.93,76.75,81.87,84.56,82.65,85.82,84.97,78.56,77.5,82.91,74.1,71.84,73.65,78.72,75.92,77.3,74.37,76.46,79.23,79.75,87.59,55.7,89.94,89.82,96.97,89.55,88.86,92.12,85.51,94.28,94.57,90.76,89.33,94.54,89.26,87.33
281,72.12,66.81,78.02,79.06,74.46,78.2,86.43,83.5,93.77,84.29,77.56,86.73,91.17,85.62,90.0,85.95,70.67,78.82,73.87,82.65,76.03,74.33,77.29,71.0,69.26,77.04,76.81,77.61,83.5,78.0,75.28,69.13,78.66,76.2,91.95,85.69,62.24,91.21,89.18,97.27,96.36,90.47,82.22,82.59,89.81,90.33,93.36,98.44,91.74,90.86,89.2
282,77.97,70.27,79.9,77.87,73.05,81.03,84.65,89.37,87.56,84.41,75.67,89.93,89.8,88.27,93.17,82.94,68.85,73.0,72.72,75.32,73.89,76.35,78.62,72.19,82.96,81.89,84.02,93.0,89.46,89.14,90.1,77.75,87.74,77.59,89.02,89.47,58.94,95.26,95.39,100.14,93.75,91.43,86.18,86.29,85.63,95.38,97.53,94.46,87.53,99.4,107.0
283,78.89,71.0,76.37,82.65,73.61,85.74,86.88,87.69,92.1,84.57,74.37,85.05,89.61,82.56,89.38,82.47,76.85,83.49,82.58,86.94,86.64,89.37,91.17,89.49,91.85,89.67,86.03,80.98,78.11,82.3,74.04,70.21,83.26,79.89,85.71,84.5,62.35,93.55,89.0,96.0,94.81,89.32,86.9,85.0,97.27,93.6,89.11,91.4,95.64,93.75,94.67
284,77.15,70.72,79.0,78.49,69.19,84.0,81.12,82.74,89.66,88.0,77.52,90.42,92.65,93.73,99.45,89.94,79.68,84.87,83.2,84.37,78.96,82.74,78.46,72.86,89.56,79.36,81.74,84.07,80.94,78.21,76.12,73.71,74.91,84.84,90.65,89.25,64.92,92.06,87.05,95.85,97.37,89.7,92.63,84.62,92.57,95.09,91.58,103.67,97.2,95.83,73.05
285,71.72,67.22,70.84,79.12,67.6,74.32,87.09,89.07,96.23,91.61,74.23,87.17,94.09,91.75,94.08,84.38,71.09,70.19,70.26,79.99,75.82,81.45,81.32,70.38,81.63,74.22,83.0,81.86,85.95,86.66,82.89,69.1,87.67,88.73,84.6,90.47,64.0,90.31,90.1,96.17,93.35,89.53,87.03,85.84,92.67,109.33,95.54,100.27,97.08,98.37,102.25
286,71.82,73.05,77.0,78.44,80.78,81.73,86.29,87.84,97.33,86.15,74.0,84.52,94.31,87.03,87.28,84.37,72.91,75.83,74.0,80.68,78.68,80.96,81.39,85.63,85.71,80.03,87.0,87.06,86.87,81.86,84.3,76.87,75.0,72.85,87.81,93.17,62.11,95.47,95.6,95.34,93.67,90.86,92.85,83.24,98.36,114.2,94.71,101.27,95.86,103.55,87.83
287,81.91,74.58,79.44,78.12,74.47,79.57,82.58,93.63,92.14,89.62,74.71,85.71,97.4,91.75,95.15,80.0,75.95,83.5,81.83,87.44,88.25,87.2,87.2,78.94,81.62,84.29,72.68,69.61,85.0,72.27,67.45,63.3,72.28,71.65,89.19,94.15,62.0,91.83,97.0,94.0,101.56,105.36,99.3,86.33,91.5,117.2,99.0,120.0,106.25,97.88,87.5
